date,ewa,ewc
3/10/2006,13.495844,19.521416
4/10/2006,13.649061,19.638963
5/10/2006,13.815046,19.907645
6/10/2006,13.687366,19.815287
9/10/2006,13.719285,19.798494
10/10/2006,13.770358,19.790097
11/10/2006,13.802279,19.445849
12/10/2006,14.038487,19.655756
13/10/2006,14.044871,19.974817
16/10/2006,14.198088,20.28548
17/10/2006,13.974646,20.050382
18/10/2006,14.108712,20.033591
19/10/2006,14.178935,20.394632
20/10/2006,14.364073,20.41982
23/10/2006,14.313001,20.503784
24/10/2006,14.332153,20.688502
25/10/2006,14.383225,20.957184
26/10/2006,14.683274,21.074733
27/10/2006,14.491754,20.772465
30/10/2006,14.842875,20.831239
31/10/2006,14.696043,21.108317
1/11/2006,14.938635,20.495387
2/11/2006,14.766266,20.822843
3/11/2006,14.842875,20.948789
6/11/2006,15.002476,21.12511
7/11/2006,15.130157,21.074733
8/11/2006,14.881179,21.209074
9/11/2006,14.855644,21.335018
10/11/2006,14.798187,21.158696
13/11/2006,14.657738,21.007563
14/11/2006,14.823723,21.007563
15/11/2006,14.721578,21.183884
16/11/2006,14.619434,21.007563
17/11/2006,14.734347,20.982373
20/11/2006,14.491754,21.066336
21/11/2006,14.708811,21.360208
22/11/2006,14.94502,21.402188
24/11/2006,15.028013,21.645682
27/11/2006,14.849259,21.460962
28/11/2006,15.130157,21.477755
29/11/2006,15.206765,21.612096
30/11/2006,15.334446,21.637286
1/12/2006,15.098236,21.637286
4/12/2006,15.315294,21.880778
5/12/2006,15.238686,21.973138
6/12/2006,15.321678,21.847193
7/12/2006,15.219533,21.805211
8/12/2006,15.028013,21.813607
11/12/2006,15.206765,21.780023
12/12/2006,15.225917,21.704456
13/12/2006,15.34083,21.67087
14/12/2006,15.577039,21.863986
15/12/2006,15.462126,21.536529
18/12/2006,15.417438,21.335018
19/12/2006,15.423822,21.444171
20/12/2006,15.564281,21.592765
21/12/2006,15.477329,21.329542
22/12/2006,15.530838,21.261614
26/12/2006,15.57097,21.134247
27/12/2006,15.825135,21.456908
28/12/2006,15.878643,21.524836
29/12/2006,15.718118,21.499363
3/01/2007,15.744873,21.015372
4/01/2007,15.450576,20.67573
5/01/2007,15.19641,20.607802
8/01/2007,15.283362,20.471945
9/01/2007,15.370313,20.5144
10/01/2007,15.263296,20.488926
11/01/2007,15.403756,20.582328
12/01/2007,15.66461,21.040846
16/01/2007,15.637855,20.75215
17/01/2007,15.624479,20.972918
18/01/2007,15.718118,20.743659
19/01/2007,15.925463,21.032355
22/01/2007,15.892021,20.794605
23/01/2007,16.226449,21.210666
24/01/2007,16.092677,21.422943
25/01/2007,15.731495,21.202175
26/01/2007,15.738184,21.355014
29/01/2007,15.744873,21.210666
30/01/2007,16.019104,21.439925
31/01/2007,15.999038,21.516345
1/02/2007,15.958907,21.669184
2/02/2007,15.958907,21.533328
5/02/2007,16.03248,21.626728
6/02/2007,16.206383,21.694656
7/02/2007,16.313399,21.601256
8/02/2007,16.40704,21.711639
9/02/2007,16.306711,21.677676
12/02/2007,16.206383,21.592765
13/02/2007,16.514057,21.991844
14/02/2007,16.68796,22.0343
15/02/2007,16.674582,22.229594
16/02/2007,16.714713,22.255066
20/02/2007,16.808353,22.093737
21/02/2007,16.801665,22.331486
22/02/2007,16.915371,22.263558
23/02/2007,17.196289,22.314505
26/02/2007,17.223044,22.433379
27/02/2007,16.360219,21.643711
28/02/2007,16.45386,21.643711
1/03/2007,16.386974,21.439925
2/03/2007,16.333466,21.125755
5/03/2007,15.38369,20.904989
6/03/2007,16.340154,21.202175
7/03/2007,16.166252,21.355014
8/03/2007,16.233137,21.456908
9/03/2007,16.21976,21.635219
12/03/2007,16.614385,21.575782
13/03/2007,16.159563,21.108775
14/03/2007,16.433794,21.176703
15/03/2007,16.721402,21.278595
16/03/2007,16.614385,21.227649
19/03/2007,16.861861,21.422943
20/03/2007,17.082585,21.737113
21/03/2007,17.236422,22.102229
22/03/2007,17.303307,22.04279
23/03/2007,17.223044,22.161666
26/03/2007,17.637736,22.229594
27/03/2007,17.263175,22.170157
28/03/2007,17.042453,22.085246
29/03/2007,17.202978,22.263558
30/03/2007,17.356816,22.20412
2/04/2007,17.396947,22.373942
3/04/2007,17.711309,22.628673
4/04/2007,17.858458,22.569236
5/04/2007,17.945409,22.722076
9/04/2007,17.93872,22.756039
10/04/2007,18.293214,22.713584
11/04/2007,18.132689,22.857932
12/04/2007,18.413608,23.146629
13/04/2007,18.433673,23.214557
16/04/2007,18.574134,23.56269
17/04/2007,18.627642,23.426833
18/04/2007,18.634331,23.537216
19/04/2007,18.447051,23.265503
20/04/2007,18.534001,23.579673
23/04/2007,18.473806,23.511744
24/04/2007,18.192886,23.426833
25/04/2007,18.534001,23.791949
26/04/2007,18.3601,23.477779
27/04/2007,18.306592,23.673073
30/04/2007,18.119311,23.56269
1/05/2007,18.146065,23.350414
2/05/2007,18.500559,23.741002
3/05/2007,18.447051,23.927806
4/05/2007,18.634331,24.089137
7/05/2007,18.627642,24.394814
8/05/2007,18.580822,24.369342
9/05/2007,18.895184,24.36085
10/05/2007,18.594199,24.114609
11/05/2007,18.875118,24.479725
14/05/2007,18.794856,24.394814
15/05/2007,18.768101,24.68351
16/05/2007,18.594199,24.734456
17/05/2007,18.721282,25.048626
18/05/2007,18.788168,25.24392
21/05/2007,18.72797,25.371285
22/05/2007,18.587511,25.201465
23/05/2007,18.694528,25.159009
24/05/2007,18.126,25.006171
25/05/2007,18.49387,25.303357
29/05/2007,18.453739,25.311848
30/05/2007,18.447051,25.532616
31/05/2007,18.661084,25.55809
1/06/2007,18.855053,25.863767
4/06/2007,19.035644,25.931697
5/06/2007,19.062398,25.829803
6/06/2007,18.794856,25.498652
7/06/2007,18.667773,24.904278
8/06/2007,18.848365,25.175991
11/06/2007,18.96207,25.065608
12/06/2007,18.507248,24.929751
13/06/2007,18.741348,25.303357
14/06/2007,18.794856,25.583562
15/06/2007,19.062398,25.96566
18/06/2007,19.149349,26.033588
19/06/2007,19.390138,25.829803
20/06/2007,19.363384,25.456196
21/06/2007,19.410204,25.515633
22/06/2007,19.296498,25.328831
25/06/2007,19.430269,25.108063
26/06/2007,19.095841,24.751438
27/06/2007,18.72797,24.955223
28/06/2007,19.05571,25.260902
29/06/2007,19.042332,25.354304
2/07/2007,19.47709,25.668473
3/07/2007,19.410204,25.744892
5/07/2007,19.630926,25.931697
6/07/2007,19.697812,26.186428
9/07/2007,19.858338,26.237374
10/07/2007,19.61086,26.084534
11/07/2007,19.630926,26.110008
12/07/2007,19.965354,26.6874
13/07/2007,20.018863,26.916659
16/07/2007,20.045616,26.746838
17/07/2007,19.978732,26.831748
18/07/2007,19.958666,27.171391
19/07/2007,20.199454,27.332719
20/07/2007,20.152633,27.103462
23/07/2007,20.299782,26.916659
24/07/2007,20.058994,26.475124
25/07/2007,20.132568,26.415687
26/07/2007,19.049021,25.609035
27/07/2007,18.393542,25.218447
30/07/2007,18.814921,25.328831
31/07/2007,18.754725,25.354304
1/08/2007,18.420297,25.125045
2/08/2007,18.594199,25.626018
3/08/2007,17.925343,25.133537
6/08/2007,18.380165,25.014661
7/08/2007,18.54069,25.074099
8/08/2007,19.05571,25.643
9/08/2007,18.253083,24.870314
10/08/2007,18.293214,24.938243
13/08/2007,18.333345,24.878804
14/08/2007,17.637736,24.241974
15/08/2007,16.861861,23.664584
16/08/2007,16.146185,23.367396
17/08/2007,16.674582,24.131591
20/08/2007,17.28993,24.352359
21/08/2007,17.223044,24.445761
22/08/2007,17.791572,24.861823
23/08/2007,18.340034,25.031643
24/08/2007,18.627642,25.277885
27/08/2007,18.49387,25.048626
28/08/2007,17.945409,24.403305
29/08/2007,18.580822,25.337322
30/08/2007,18.139378,24.980697
31/08/2007,18.687839,25.388268
4/09/2007,19.042332,25.71942
5/09/2007,18.460428,25.532616
6/09/2007,18.955382,25.676964
7/09/2007,18.600887,25.447705
10/09/2007,18.620953,25.337322
11/09/2007,19.309876,25.736401
12/09/2007,19.095841,26.050571
13/09/2007,19.323252,26.237374
14/09/2007,19.356695,26.398704
17/09/2007,19.002201,26.390213
18/09/2007,19.624238,27.111953
19/09/2007,20.058994,26.967605
20/09/2007,20.07906,27.120445
21/09/2007,20.199454,27.307247
24/09/2007,20.420177,27.315737
25/09/2007,20.707784,27.40065
26/09/2007,20.935195,27.485559
27/09/2007,21.102409,27.74029
28/09/2007,21.262936,27.791237
1/10/2007,21.79802,28.147864
2/10/2007,21.577296,27.927094
3/10/2007,21.490347,27.646891
4/10/2007,21.463592,27.978042
5/10/2007,21.831462,28.512979
8/10/2007,21.537166,28.385612
9/10/2007,22.112383,28.521469
10/10/2007,22.085628,28.674308
11/10/2007,22.239465,28.631854
12/10/2007,22.393301,29.064896
15/10/2007,22.072251,28.640343
16/10/2007,21.624118,28.377119
17/10/2007,21.684313,28.699781
18/10/2007,22.139135,29.268683
19/10/2007,21.289689,28.495997
22/10/2007,21.349886,28.572417
23/10/2007,21.918414,28.682798
24/10/2007,21.978611,28.716763
25/10/2007,22.038808,28.784693
26/10/2007,22.687597,29.32812
29/10/2007,22.955141,29.846076
30/10/2007,22.63409,29.557379
31/10/2007,23.215994,30.635744
1/11/2007,22.326417,29.829093
2/11/2007,22.567205,30.491395
5/11/2007,22.072251,30.270629
6/11/2007,22.520383,30.924437
7/11/2007,22.145825,30.185716
8/11/2007,22.339794,29.718708
9/11/2007,21.543854,29.073389
12/11/2007,20.574013,27.74029
13/11/2007,21.563921,28.411084
14/11/2007,21.570609,28.241263
15/11/2007,20.908441,27.08648
16/11/2007,21.162606,27.451597
19/11/2007,20.627522,26.76382
20/11/2007,21.002081,27.17988
21/11/2007,20.192766,26.500596
23/11/2007,20.440242,27.044025
26/11/2007,20.132568,27.111953
27/11/2007,20.500439,26.678909
28/11/2007,21.169295,27.426122
29/11/2007,20.975327,27.519524
30/11/2007,21.162606,27.094971
3/12/2007,21.075655,27.001569
4/12/2007,20.794736,26.492106
5/12/2007,21.055589,26.84024
6/12/2007,21.456904,27.120445
7/12/2007,21.242869,27.230828
10/12/2007,21.650871,27.40065
11/12/2007,21.082344,26.661927
12/12/2007,21.336509,26.925149
13/12/2007,21.182672,26.704383
14/12/2007,20.279716,26.560035
17/12/2007,19.530598,26.347758
18/12/2007,19.624238,26.322285
19/12/2007,19.530598,26.466633
20/12/2007,19.549484,26.577016
21/12/2007,20.088055,27.137426
24/12/2007,20.2839,27.592135
26/12/2007,20.304884,27.695286
27/12/2007,20.171989,27.678094
28/12/2007,20.367834,27.970347
31/12/2007,20.158,27.609327
2/01/2008,20.130023,27.850008
3/01/2008,20.227945,27.970347
4/01/2008,19.647405,27.274096
7/01/2008,19.598444,26.887291
8/01/2008,19.423583,26.723973
9/01/2008,19.668389,26.792738
10/01/2008,19.962156,26.904481
11/01/2008,19.353639,26.474697
14/01/2008,19.682377,26.706781
15/01/2008,18.88501,25.984744
16/01/2008,18.63321,25.279898
17/01/2008,17.982726,24.549265
18/01/2008,18.248516,24.523479
22/01/2008,17.388199,24.377352
23/01/2008,17.416176,24.626626
24/01/2008,18.150594,25.426025
25/01/2008,18.738128,25.477599
28/01/2008,19.059872,25.426025
29/01/2008,18.787089,25.958958
30/01/2008,18.325455,26.001936
31/01/2008,18.801076,26.027723
1/02/2008,19.885217,26.577846
4/02/2008,19.423583,26.13087
5/02/2008,18.50731,25.580747
6/02/2008,18.374416,25.649513
7/02/2008,18.360427,25.408833
8/02/2008,18.346438,25.821427
11/02/2008,18.451354,26.087893
12/02/2008,18.703155,26.036319
13/02/2008,18.367421,26.500485
14/02/2008,18.416382,26.285593
15/02/2008,18.69616,26.113679
19/02/2008,18.773099,26.276997
20/02/2008,18.549277,26.672399
21/02/2008,18.500316,26.655208
22/02/2008,18.766105,26.792738
25/02/2008,19.360633,27.463202
26/02/2008,19.549484,27.96175
27/02/2008,19.738333,27.96175
28/02/2008,19.45156,28.32277
29/02/2008,18.563266,27.514774
3/03/2008,18.75911,27.30848
4/03/2008,18.241521,26.990439
5/03/2008,18.605233,27.514774
6/03/2008,18.052671,26.964653
7/03/2008,17.639998,26.672399
10/03/2008,17.29727,26.001936
11/03/2008,18.017699,26.758355
12/03/2008,17.933765,26.766951
13/03/2008,18.094638,27.196735
14/03/2008,17.681966,26.835716
17/03/2008,17.283281,25.898787
18/03/2008,17.737921,26.380146
19/03/2008,17.423171,24.944667
20/03/2008,17.37421,24.944667
24/03/2008,17.849832,25.529174
25/03/2008,17.849832,26.165254
26/03/2008,18.206549,26.216828
27/03/2008,18.080649,26.216828
28/03/2008,18.031688,26.010531
31/03/2008,18.017699,26.053509
1/04/2008,18.458349,26.37155
2/04/2008,18.675178,26.732569
3/04/2008,19.066866,27.084992
4/04/2008,19.297683,27.179545
7/04/2008,19.353639,27.188139
8/04/2008,19.360633,27.231118
9/04/2008,18.892005,27.145161
10/04/2008,18.843044,27.428819
11/04/2008,18.535288,26.852908
14/04/2008,18.374416,27.059204
15/04/2008,18.745121,27.30848
16/04/2008,19.507516,28.348556
17/04/2008,19.150799,28.142262
18/04/2008,19.143806,28.494684
21/04/2008,19.710356,28.718171
22/04/2008,19.486533,28.735362
23/04/2008,19.857238,27.944558
24/04/2008,19.535494,27.789839
25/04/2008,19.535494,28.0649
28/04/2008,19.423583,28.047709
29/04/2008,19.206754,27.497584
30/04/2008,19.430578,27.90158
1/05/2008,19.556477,27.815625
2/05/2008,19.885217,28.288387
5/05/2008,20.011117,28.400131
6/05/2008,20.171989,29.010424
7/05/2008,19.486533,28.786938
8/05/2008,20.018112,29.010424
9/05/2008,20.137017,29.165147
12/05/2008,20.647612,29.612122
13/05/2008,20.465756,29.4574
14/05/2008,20.584662,29.448802
15/05/2008,20.899411,29.973139
16/05/2008,21.207167,30.359946
19/05/2008,21.11624,30.420115
20/05/2008,20.808484,30.72956
21/05/2008,20.612639,30.377137
22/05/2008,20.731544,30.437307
23/05/2008,20.374827,30.196629
27/05/2008,20.472751,29.603525
28/05/2008,20.374827,30.059098
29/05/2008,20.290895,29.809823
30/05/2008,20.472751,30.093478
2/06/2008,20.171989,30.007523
3/06/2008,19.710356,29.569145
4/06/2008,19.633416,29.354253
5/06/2008,20.004122,29.990331
6/06/2008,19.598444,29.792631
9/06/2008,19.374622,29.758247
10/06/2008,19.108833,29.190933
11/06/2008,18.940966,29.414422
12/06/2008,18.640204,28.984638
13/06/2008,18.947961,29.19953
16/06/2008,18.787089,29.680886
17/06/2008,19.115827,30.093478
18/06/2008,19.059872,30.067692
19/06/2008,19.157793,29.560547
20/06/2008,18.626215,29.061999
23/06/2008,18.69616,29.276891
24/06/2008,18.710149,28.881487
25/06/2008,18.850039,28.861649
26/06/2008,18.563266,28.551122
27/06/2008,18.815066,28.671885
30/06/2008,18.514304,28.602878
1/07/2008,18.171576,28.671885
2/07/2008,17.884804,28.059457
3/07/2008,17.870815,27.861066
7/07/2008,17.709943,27.447032
8/07/2008,17.814859,27.550541
9/07/2008,17.570055,27.30902
10/07/2008,17.884804,27.628171
11/07/2008,17.667977,27.490161
14/07/2008,17.800871,27.636799
15/07/2008,17.465137,26.877735
16/07/2008,17.919777,27.30902
17/07/2008,17.954749,27.136505
18/07/2008,17.828849,27.274518
21/07/2008,18.339443,27.71443
22/07/2008,18.339443,27.481535
23/07/2008,18.50731,27.188261
24/07/2008,18.101632,26.360191
25/07/2008,17.975733,26.618964
28/07/2008,17.318254,26.342941
29/07/2008,17.472132,26.429197
30/07/2008,17.605026,27.196887
31/07/2008,17.402187,27.041624
1/08/2008,16.919571,26.567208
4/08/2008,16.758697,25.704636
5/08/2008,16.905582,25.790894
6/08/2008,17.045471,26.092794
7/08/2008,16.751704,25.730514
8/08/2008,16.772687,25.31648
11/08/2008,16.709737,25.161217
12/08/2008,16.513893,25.092211
13/08/2008,16.325042,25.488994
14/08/2008,16.220126,25.523497
15/08/2008,16.129197,25.118089
18/08/2008,16.108215,24.988702
19/08/2008,15.91237,24.988702
20/08/2008,16.276082,25.549375
21/08/2008,16.283076,26.308437
22/08/2008,16.304059,26.084169
25/08/2008,16.073242,25.670134
26/08/2008,16.11521,25.721888
27/08/2008,16.325042,26.230806
28/08/2008,16.758697,26.515454
29/08/2008,16.660776,26.204928
2/09/2008,16.255098,25.273351
3/09/2008,16.080236,25.092211
4/09/2008,15.15697,24.255517
5/09/2008,15.101014,24.445283
8/09/2008,15.660569,24.134756
9/09/2008,14.737302,23.030665
10/09/2008,15.003092,23.668968
11/09/2008,14.856208,24.031249
12/09/2008,15.569642,24.505662
15/09/2008,14.45053,23.254933
16/09/2008,14.646375,23.392946
17/09/2008,13.807041,22.694261
18/09/2008,14.506486,23.263559
19/09/2008,15.590626,25.023206
22/09/2008,15.863409,25.126713
23/09/2008,15.688548,24.902446
24/09/2008,15.877398,24.764433
25/09/2008,16.108215,24.721305
26/09/2008,15.807453,23.953617
29/09/2008,13.849007,22.25435
30/09/2008,14.366597,22.720139
1/10/2008,14.51348,22.55625
2/10/2008,13.709119,20.710347
3/10/2008,13.625185,20.296313
6/10/2008,11.967501,19.261226
7/10/2008,11.904551,18.14851
8/10/2008,11.16314,18.597046
9/10/2008,10.869373,17.182429
10/10/2008,10.079,16.259477
13/10/2008,12.17034,18.269269
14/10/2008,11.596795,17.596463
15/10/2008,10.442712,16.17322
16/10/2008,11.16314,16.216348
17/10/2008,10.561617,16.449242
20/10/2008,11.687722,17.501581
21/10/2008,10.967295,16.544126
22/10/2008,10.183917,15.146759
23/10/2008,10.218889,15.233016
24/10/2008,9.260649,14.827608
27/10/2008,8.882949,13.620007
28/10/2008,10.072005,14.827608
29/10/2008,10.037034,15.638424
30/10/2008,10.659539,16.604506
31/10/2008,10.484678,16.544126
3/11/2008,11.051228,16.880528
4/11/2008,11.960507,18.183012
5/11/2008,11.351989,17.406697
6/11/2008,10.414734,16.578628
7/11/2008,10.876367,16.578628
10/11/2008,10.372767,16.664885
11/11/2008,9.988072,16.05246
12/11/2008,9.337589,14.724099
13/11/2008,10.155939,15.836817
14/11/2008,9.344583,15.120883
17/11/2008,9.015844,14.793105
18/11/2008,9.008849,14.689597
19/11/2008,8.337382,14.025416
20/11/2008,7.665915,12.481413
21/11/2008,8.652132,13.11109
24/11/2008,9.008849,13.956411
25/11/2008,9.428516,14.223807
26/11/2008,9.456494,14.448076
28/11/2008,9.554416,14.758603
1/12/2008,8.74306,14.094422
2/12/2008,9.127755,13.827025
3/12/2008,9.253655,13.783896
4/12/2008,8.778033,13.162845
5/12/2008,9.036827,13.318107
8/12/2008,9.680317,14.07717
9/12/2008,9.183711,13.852901
10/12/2008,9.393544,14.07717
11/12/2008,9.337589,14.13755
12/12/2008,9.365567,14.206556
15/12/2008,9.358572,14.232433
16/12/2008,10.030039,14.974246
17/12/2008,9.862172,14.92249
18/12/2008,9.407533,14.508456
19/12/2008,9.589389,14.491204
22/12/2008,9.554416,14.094422
23/12/2008,9.419742,14.338234
24/12/2008,9.629236,14.27662
26/12/2008,9.816284,14.250215
29/12/2008,9.681609,14.690308
30/12/2008,10.018296,15.042382
31/12/2008,10.482175,15.341646
2/01/2009,10.594404,15.737729
5/01/2009,10.452248,16.21303
6/01/2009,10.781452,16.617915
7/01/2009,10.362465,15.948975
8/01/2009,10.444766,16.292247
9/01/2009,10.100597,15.87856
12/01/2009,9.726501,15.095193
13/01/2009,9.539453,15.236023
14/01/2009,9.202766,14.540676
15/01/2009,9.359887,14.716713
16/01/2009,9.404778,14.910355
20/01/2009,8.611694,13.862933
21/01/2009,9.105501,14.496666
22/01/2009,8.82867,14.03897
23/01/2009,8.67155,14.51427
26/01/2009,8.723923,14.6551
27/01/2009,8.970826,14.848742
28/01/2009,9.292549,15.288835
29/01/2009,8.813706,14.892751
30/01/2009,8.686513,14.69911
2/02/2009,8.723923,14.408649
3/02/2009,9.045646,14.584685
4/02/2009,8.761333,14.663902
5/02/2009,9.000754,15.051184
6/02/2009,9.479597,15.36805
9/02/2009,9.494561,15.491277
10/02/2009,8.761333,14.769525
11/02/2009,9.0232,14.707911
12/02/2009,9.083056,14.716713
13/02/2009,9.165357,14.593487
17/02/2009,8.536875,13.66049
18/02/2009,8.581767,13.51966
19/02/2009,8.67155,13.458047
20/02/2009,8.664068,13.255605
23/02/2009,8.372272,12.683483
24/02/2009,8.783778,13.105973
25/02/2009,8.544357,13.105973
26/02/2009,8.521911,13.510859
27/02/2009,8.394719,13.28201
2/03/2009,7.923357,12.296201
3/03/2009,8.065514,12.305003
4/03/2009,8.4022,12.7627
5/03/2009,7.990695,12.340211
6/03/2009,8.058032,12.349012
9/03/2009,7.863502,12.137768
10/03/2009,8.462056,12.841917
11/03/2009,8.521911,13.035558
12/03/2009,8.716441,13.598877
13/03/2009,8.918453,13.625282
16/03/2009,8.955863,13.854131
17/03/2009,9.367369,14.13579
18/03/2009,9.509525,14.558281
19/03/2009,9.681609,14.813534
20/03/2009,9.614272,14.382243
23/03/2009,10.250235,15.36805
24/03/2009,10.018296,15.095193
25/03/2009,10.197862,15.086391
26/03/2009,10.482175,15.412061
27/03/2009,10.175417,15.015976
30/03/2009,9.689091,14.259017
31/03/2009,10.018296,14.487864
1/04/2009,10.19038,14.954363
2/04/2009,10.781452,15.324042
3/04/2009,10.893681,15.614503
6/04/2009,10.714115,15.447267
7/04/2009,10.459729,15.024778
8/04/2009,10.38491,15.17441
9/04/2009,10.788934,15.852154
13/04/2009,10.998428,16.0722
14/04/2009,10.848789,15.913766
15/04/2009,11.028355,16.186624
16/04/2009,11.058283,16.309851
17/04/2009,11.00591,16.40667
20/04/2009,10.272681,15.561692
21/04/2009,10.586922,15.808143
22/04/2009,10.377428,15.808143
23/04/2009,10.77397,16.274643
24/04/2009,10.916127,16.661925
27/04/2009,10.624332,16.239436
28/04/2009,10.467211,16.098606
29/04/2009,10.923609,16.556302
30/04/2009,10.990946,16.494689
1/05/2009,11.080729,17.031603
4/05/2009,11.701729,17.814968
5/05/2009,11.5895,17.814968
6/05/2009,11.82144,18.4311
7/05/2009,11.739138,17.955798
8/05/2009,12.25539,18.791976
11/05/2009,11.78403,18.413495
12/05/2009,11.881295,18.448702
13/05/2009,11.282741,17.44529
14/05/2009,11.447343,17.885383
15/05/2009,11.230368,17.612526
18/05/2009,11.70921,18.387089
19/05/2009,11.926186,18.492712
20/05/2009,11.933668,19.056031
21/05/2009,11.716692,18.607136
22/05/2009,11.828922,18.932805
26/05/2009,12.150644,19.531332
27/05/2009,11.731657,19.302484
28/05/2009,11.836403,19.865802
29/05/2009,12.322728,20.332302
1/06/2009,12.838981,20.684376
2/06/2009,13.055957,20.807601
3/06/2009,12.704306,19.848198
4/06/2009,12.644451,20.323499
5/06/2009,12.607042,20.050642
8/06/2009,12.427476,20.04184
9/06/2009,12.734234,20.314697
10/06/2009,12.981138,20.253085
11/06/2009,13.355234,20.569952
12/06/2009,13.205595,20.270689
15/06/2009,12.614524,19.469719
16/06/2009,12.509776,19.28488
17/06/2009,12.33021,18.871193
18/06/2009,12.509776,18.897597
19/06/2009,12.577113,19.161654
22/06/2009,12.05338,18.096628
23/06/2009,12.029366,18.185035
24/06/2009,12.239485,18.600542
25/06/2009,12.509639,19.095613
26/06/2009,12.614699,19.077932
29/06/2009,12.734767,19.316627
30/06/2009,12.607194,18.936483
1/07/2009,12.659725,19.21054
2/07/2009,12.171946,18.795034
6/07/2009,12.096904,18.432571
7/07/2009,11.744202,17.946339
8/07/2009,11.66916,17.566196
9/07/2009,11.819245,17.893296
10/07/2009,11.796732,17.707645
13/07/2009,11.894288,18.149673
14/07/2009,12.314528,18.671267
15/07/2009,12.922374,19.484598
16/07/2009,13.019931,19.652568
17/07/2009,12.967401,19.811698
20/07/2009,13.365127,20.280249
21/07/2009,13.297588,20.191843
22/07/2009,13.275076,20.280249
23/07/2009,13.530222,20.943291
24/07/2009,13.4927,21.058217
27/07/2009,13.672802,21.208507
28/07/2009,13.725334,20.846044
29/07/2009,13.530222,20.4659
30/07/2009,13.96547,21.005174
31/07/2009,14.205607,21.39416
3/08/2009,14.588326,21.959955
4/08/2009,14.580821,21.845027
5/08/2009,14.453248,21.88039
6/08/2009,14.543299,21.367637
7/08/2009,14.610838,21.323435
10/08/2009,14.445744,21.08474
11/08/2009,14.318171,20.501263
12/08/2009,14.655864,20.793001
13/08/2009,15.098617,21.09358
14/08/2009,14.715899,20.881407
17/08/2009,14.348189,20.129959
18/08/2009,14.610838,20.421697
19/08/2009,14.678376,20.62503
20/08/2009,14.633351,20.78416
21/08/2009,14.625847,21.155464
24/08/2009,14.941027,21.173145
25/08/2009,14.956035,21.279231
26/08/2009,14.813454,21.146623
27/08/2009,15.128634,21.385319
28/08/2009,15.286224,21.349956
31/08/2009,15.211181,21.022856
1/09/2009,14.896001,20.483581
2/09/2009,14.858479,20.501263
3/09/2009,15.151147,21.075899
4/09/2009,15.406293,21.438362
8/09/2009,15.849045,21.765463
9/09/2009,15.901575,21.615174
10/09/2009,16.111694,21.924592
11/09/2009,16.081678,22.110245
14/09/2009,15.99913,22.242853
15/09/2009,15.99913,22.782127
16/09/2009,16.749559,23.029662
17/09/2009,16.531935,22.941258
18/09/2009,16.546943,22.897054
21/09/2009,16.374344,22.490389
22/09/2009,16.667011,23.020823
23/09/2009,16.636995,22.720244
24/09/2009,16.351832,22.03952
25/09/2009,16.509422,21.818506
28/09/2009,16.779576,22.145606
29/09/2009,16.854618,22.242853
30/09/2009,16.959679,22.52575
1/10/2009,16.344328,21.588651
2/10/2009,16.089182,21.464884
5/10/2009,16.411867,21.951114
6/10/2009,16.779576,22.419665
7/10/2009,16.982191,22.569954
8/10/2009,17.620055,23.029662
9/10/2009,17.537509,23.082707
12/10/2009,17.590039,23.277198
13/10/2009,17.582534,23.232996
14/10/2009,18.122842,23.692704
15/10/2009,18.250415,23.480531
16/10/2009,18.040296,23.427488
19/10/2009,18.287937,23.683865
20/10/2009,18.092826,23.206474
21/10/2009,18.077817,23.047344
22/10/2009,18.317954,23.224155
23/10/2009,18.122842,22.844011
26/10/2009,17.867696,22.19865
27/10/2009,17.650073,21.845027
28/10/2009,16.854618,21.102421
29/10/2009,17.199816,21.791984
30/10/2009,16.456892,21.08474
2/11/2009,16.719542,21.173145
3/11/2009,16.606977,21.624013
4/11/2009,16.742054,21.783143
5/11/2009,16.907149,22.030679
6/11/2009,17.20732,22.012998
9/11/2009,17.98026,22.914735
10/11/2009,18.032792,22.897054
11/11/2009,18.107833,22.994301
12/11/2009,17.747628,22.614156
13/11/2009,18.092826,22.870533
16/11/2009,18.385492,23.082707
17/11/2009,18.107833,23.321401
18/11/2009,18.025287,23.268358
19/11/2009,17.650073,22.914735
20/11/2009,17.484978,22.782127
23/11/2009,17.852689,23.206474
24/11/2009,17.567525,23.003141
25/11/2009,18.002774,23.409806
27/11/2009,17.124773,22.711403
30/11/2009,17.507491,22.905895
1/12/2009,17.935235,23.630821
2/12/2009,17.920226,23.639661
3/12/2009,17.725116,23.206474
4/12/2009,17.650073,22.905895
7/12/2009,17.357405,22.967778
8/12/2009,17.012209,22.455026
9/12/2009,17.117268,22.693721
10/12/2009,17.31238,22.879372
11/12/2009,17.229832,22.640679
14/12/2009,17.387423,22.994301
15/12/2009,17.132277,22.888213
16/12/2009,17.064738,23.109227
17/12/2009,16.802088,22.622997
18/12/2009,16.907149,22.720244
21/12/2009,16.712038,22.852852
22/12/2009,16.808506,23.148228
23/12/2009,17.040027,23.442712
24/12/2009,17.387311,23.540872
28/12/2009,17.425898,23.647958
29/12/2009,17.603398,23.60334
30/12/2009,17.59568,23.371322
31/12/2009,17.62655,23.496254
4/01/2010,18.305681,24.022756
5/01/2010,18.359704,24.156612
6/01/2010,18.42916,24.344012
7/01/2010,18.344269,24.263698
8/01/2010,18.560355,24.38863
11/01/2010,18.745574,24.31724
12/01/2010,18.128181,23.8889
13/01/2010,18.406008,24.129842
14/01/2010,18.63753,24.201232
15/01/2010,18.243942,23.84428
19/01/2010,18.514051,23.871052
20/01/2010,17.966117,23.326702
21/01/2010,17.364158,22.84482
22/01/2010,17.009159,22.380784
25/01/2010,17.271549,22.44325
26/01/2010,16.962853,22.37186
27/01/2010,16.885679,22.264776
28/01/2010,16.731332,22.032758
29/01/2010,16.283722,21.809664
1/02/2010,16.67731,22.220156
2/02/2010,16.793071,22.48787
3/02/2010,16.584701,22.389708
4/02/2010,15.797525,21.711502
5/02/2010,15.890134,21.87213
8/02/2010,15.789807,21.640112
9/02/2010,16.252852,22.068452
10/02/2010,16.152526,22.238004
11/02/2010,16.715896,22.746658
12/02/2010,16.422636,22.755582
16/02/2010,17.086331,23.27316
17/02/2010,17.271549,23.299932
18/02/2010,17.402745,23.576568
19/02/2010,17.271549,23.594416
22/02/2010,17.503072,23.451636
23/02/2010,17.148071,22.862668
24/02/2010,17.24068,22.951904
25/02/2010,16.839375,23.050066
26/02/2010,17.086331,23.121456
1/03/2010,17.572529,23.594416
2/03/2010,17.665137,23.942442
3/03/2010,17.865789,24.120918
4/03/2010,17.765464,24.049528
5/03/2010,18.220791,24.415402
8/03/2010,18.120464,24.468944
9/03/2010,18.305681,24.415402
10/03/2010,18.36742,24.46002
11/03/2010,18.313399,24.549258
12/03/2010,18.305681,24.709885
15/03/2010,18.112746,24.67419
16/03/2010,18.436877,25.03114
17/03/2010,18.645247,25.156073
18/03/2010,18.506334,24.915131
19/03/2010,18.328834,24.74558
22/03/2010,18.452312,24.692038
23/03/2010,18.714704,24.915131
24/03/2010,18.336552,24.513562
25/03/2010,18.382856,24.558182
26/03/2010,18.390573,24.522486
29/03/2010,18.691551,24.825894
30/03/2010,18.722422,24.906208
31/03/2010,18.529487,24.906208
1/04/2010,18.884486,25.361319
5/04/2010,19.000249,25.548717
6/04/2010,19.123727,25.530871
7/04/2010,18.984814,25.316701
8/04/2010,18.977096,25.397014
9/04/2010,19.131445,25.539795
12/04/2010,19.069704,25.495175
13/04/2010,19.031118,25.414861
14/04/2010,19.386119,25.682575
15/04/2010,19.347531,25.646879
16/04/2010,18.892204,25.048988
19/04/2010,18.768726,25.084683
20/04/2010,19.038835,25.557641
21/04/2010,18.946226,25.495175
22/04/2010,18.81503,25.566565
23/04/2010,18.745574,25.673651
26/04/2010,18.706987,25.745041
27/04/2010,18.020138,25.022217
28/04/2010,18.328834,25.084683
29/04/2010,18.490899,25.539795
30/04/2010,18.089595,25.191768
3/05/2010,18.313399,25.397014
4/05/2010,17.356441,24.656342
5/05/2010,17.20981,24.219078
6/05/2010,16.059917,23.549796
7/05/2010,16.08307,23.523026
10/05/2010,17.310137,24.549258
11/05/2010,16.916549,24.692038
12/05/2010,17.040027,25.129301
13/05/2010,16.939702,24.861589
14/05/2010,16.368613,24.415402
17/05/2010,16.206548,24.129842
18/05/2010,15.774374,23.924594
19/05/2010,15.226437,23.639034
20/05/2010,14.254044,22.48787
21/05/2010,14.886873,22.91621
24/05/2010,14.856002,22.648496
25/05/2010,14.740241,22.693116
26/05/2010,14.616763,22.72881
27/05/2010,15.620025,23.549796
28/05/2010,15.519699,23.353474
1/06/2010,15.033502,23.076838
2/06/2010,15.481112,23.84428
3/06/2010,15.527417,23.799662
4/06/2010,14.724806,22.934058
7/06/2010,14.392958,22.737734
8/06/2010,14.994916,23.121456
9/06/2010,15.033502,23.014372
10/06/2010,15.836113,23.728272
11/06/2010,15.921003,23.728272
14/06/2010,16.036766,23.790738
15/06/2010,16.384048,24.433248
16/06/2010,16.276005,24.477868
17/06/2010,16.237418,24.477868
18/06/2010,16.384048,24.647419
21/06/2010,16.561548,24.549258
22/06/2010,16.252852,24.165536
23/06/2010,16.16168,23.940948
24/06/2010,15.834394,23.536693
25/06/2010,15.927905,23.743312
28/06/2010,15.709714,23.581609
29/06/2010,14.961633,22.485627
30/06/2010,14.790197,22.341891
1/07/2010,14.79799,22.108321
2/07/2010,14.790197,22.108321
6/07/2010,15.023973,22.296973
7/07/2010,15.491523,22.853949
8/07/2010,15.857772,23.042601
9/07/2010,15.97466,23.545675
12/07/2010,15.865565,23.482791
13/07/2010,16.068171,23.752296
14/07/2010,16.153887,23.63551
15/07/2010,16.138302,23.779245
16/07/2010,15.616205,23.069552
19/07/2010,15.662959,22.979717
20/07/2010,16.200643,23.410923
21/07/2010,15.834394,23.042601
22/07/2010,16.333115,23.563642
23/07/2010,16.605853,23.707377
26/07/2010,16.83963,23.878064
27/07/2010,16.77729,23.752296
28/07/2010,16.660401,23.662461
29/07/2010,16.800666,23.824163
30/07/2010,16.792873,23.949931
2/08/2010,17.346143,24.381138
3/08/2010,17.159123,24.246386
4/08/2010,17.33835,24.461989
5/08/2010,17.205877,24.336221
6/08/2010,17.198085,24.147567
9/08/2010,17.361728,24.237402
10/08/2010,17.057819,24.10265
11/08/2010,16.278567,23.267187
12/08/2010,16.239605,23.177352
13/08/2010,16.364286,23.150403
16/08/2010,16.543513,23.114468
17/08/2010,16.83963,23.770261
18/08/2010,16.722741,23.967899
19/08/2010,16.395456,23.63551
20/08/2010,16.442211,23.437874
23/08/2010,16.28636,23.303122
24/08/2010,15.904527,22.844965
25/08/2010,15.865565,22.970733
26/08/2010,15.935698,23.033617
27/08/2010,16.496758,23.644493
30/08/2010,16.379871,23.545675
31/08/2010,16.41104,23.446858
1/09/2010,17.322765,23.931964
2/09/2010,17.33835,24.129602
3/09/2010,17.470823,24.461989
7/09/2010,17.314972,24.264353
8/09/2010,17.478616,24.363172
9/09/2010,17.727976,24.426056
10/09/2010,17.689014,24.470973
13/09/2010,18.102017,24.803362
14/09/2010,18.250075,24.875229
15/09/2010,18.242282,24.794378
16/09/2010,18.07864,24.857262
17/09/2010,18.0163,24.740478
20/09/2010,18.42151,24.956081
21/09/2010,18.343586,24.893195
22/09/2010,18.35917,24.695559
23/09/2010,18.179942,24.524873
24/09/2010,18.663079,24.974046
27/09/2010,18.686455,24.848278
28/09/2010,18.998156,24.98303
29/09/2010,18.803343,25.054898
30/09/2010,18.499435,25.180668
1/10/2010,18.694248,25.450171
4/10/2010,18.530606,25.288468
5/10/2010,18.951401,25.800526
6/10/2010,19.115045,25.962229
7/10/2010,19.068288,25.647807
8/10/2010,19.372198,25.971212
11/10/2010,19.270894,26.052064
12/10/2010,19.099459,26.061047
13/10/2010,19.231932,26.411402
14/10/2010,19.395574,26.294618
15/10/2010,19.356612,26.123931
18/10/2010,19.294272,26.061047
19/10/2010,18.631908,25.522039
20/10/2010,19.068288,25.881377
21/10/2010,18.857892,25.728658
22/10/2010,18.966986,25.683741
25/10/2010,19.387782,25.944261
26/10/2010,19.216347,25.881377
27/10/2010,18.865683,25.575939
28/10/2010,19.060496,25.692725
29/10/2010,19.068288,25.980196
1/11/2010,19.200761,26.079015
2/11/2010,19.621558,26.249699
3/11/2010,19.7852,26.303601
4/11/2010,20.447564,26.887527
5/11/2010,20.470942,26.959394
8/11/2010,20.276129,27.085162
9/11/2010,19.839747,26.815659
10/11/2010,19.925466,27.004311
11/11/2010,19.699483,26.914476
12/11/2010,19.31765,26.402418
15/11/2010,19.333234,26.384453
16/11/2010,18.951401,25.737642
17/11/2010,18.951401,25.800526
18/11/2010,19.341027,26.267667
19/11/2010,19.185177,26.546154
22/11/2010,19.161799,26.546154
23/11/2010,18.476057,26.09698
24/11/2010,18.951401,26.609039
26/11/2010,18.429302,26.393435
29/11/2010,18.639701,26.447337
30/11/2010,18.328,26.348518
1/12/2010,18.834514,26.986345
2/12/2010,19.278687,27.345684
3/12/2010,19.520254,27.399584
6/12/2010,19.403367,27.453484
7/12/2010,19.434538,27.318733
8/12/2010,19.309858,27.139063
9/12/2010,19.489085,27.192965
10/12/2010,19.637143,27.399584
13/12/2010,19.870918,27.534336
14/12/2010,19.964429,27.516368
15/12/2010,19.590387,27.462468
16/12/2010,19.800785,27.363649
17/12/2010,19.707276,27.291782
20/12/2010,19.707276,27.15703
21/12/2010,19.928616,27.436663
22/12/2010,20.048475,27.545611
23/12/2010,20.136372,27.690875
27/12/2010,20.1124,27.654558
28/12/2010,20.168334,27.845217
29/12/2010,20.320156,28.099429
30/12/2010,20.312166,28.081271
31/12/2010,20.328147,28.144823
3/01/2011,20.448006,28.371798
4/01/2011,19.920625,28.072192
5/01/2011,19.784784,28.126665
6/01/2011,19.585019,27.990481
7/01/2011,19.513103,28.008639
10/01/2011,19.537076,27.899691
11/01/2011,19.505112,28.308245
12/01/2011,19.74483,28.544299
13/01/2011,19.880671,28.362719
14/01/2011,19.888662,28.43535
18/01/2011,20.056466,28.589693
19/01/2011,20.040484,28.262849
20/01/2011,19.704878,28.008639
21/01/2011,19.688896,28.072192
24/01/2011,20.000532,28.144823
25/01/2011,19.904644,27.890612
26/01/2011,20.056466,28.362719
27/01/2011,20.000532,28.317325
28/01/2011,19.632962,28.153903
31/01/2011,19.872682,28.408115
1/02/2011,20.272213,28.980089
2/02/2011,20.208288,29.025483
3/02/2011,20.479968,29.243379
4/02/2011,20.663753,29.243379
7/02/2011,20.735669,29.22522
8/02/2011,20.855528,29.261537
9/02/2011,20.751649,29.061798
10/02/2011,20.663753,29.161668
11/02/2011,20.607819,29.25246
14/02/2011,20.799594,29.488511
15/02/2011,20.591838,29.479434
16/02/2011,20.791603,29.915224
17/02/2011,21.023331,30.060488
18/02/2011,20.991369,30.060488
22/02/2011,20.232259,29.597458
23/02/2011,20.312166,29.642856
24/02/2011,20.400063,29.606539
25/02/2011,20.799594,30.12404
28/02/2011,20.863519,30.568908
1/03/2011,20.400063,30.387332
2/03/2011,20.647772,30.532595
3/03/2011,20.863519,30.768647
4/03/2011,20.735669,30.850358
7/03/2011,20.408054,30.441803
8/03/2011,20.559874,30.323779
9/03/2011,20.424034,30.160357
10/03/2011,19.72086,29.370484
11/03/2011,19.952587,29.588381
14/03/2011,19.74483,29.461276
15/03/2011,19.177497,28.980089
16/03/2011,18.738013,28.716798
17/03/2011,18.969741,29.334171
18/03/2011,19.497122,29.488511
21/03/2011,19.936607,30.12404
22/03/2011,19.936607,30.096805
23/03/2011,20.096418,30.187593
24/03/2011,20.50394,30.242068
25/03/2011,20.591838,30.078646
28/03/2011,20.575856,29.851672
29/03/2011,20.903472,30.024171
30/03/2011,21.207116,30.450884
31/03/2011,21.271041,30.514437
1/04/2011,21.51875,30.804964
4/04/2011,21.494777,30.868516
5/04/2011,21.470807,31.050096
6/04/2011,21.814402,31.059174
7/04/2011,21.798422,30.84128
8/04/2011,22.022159,31.131807
11/04/2011,22.070103,30.650619
12/04/2011,21.6466,30.069565
13/04/2011,21.814402,30.114959
14/04/2011,21.862347,30.133118
15/04/2011,21.758468,30.060488
18/04/2011,21.470807,29.742722
19/04/2011,21.502768,30.060488
20/04/2011,22.142018,30.487201
21/04/2011,22.40571,30.723253
25/04/2011,22.429681,30.523514
26/04/2011,22.54954,30.614306
27/04/2011,22.597484,30.623383
28/04/2011,22.653419,30.605225
29/04/2011,22.589494,30.596148
2/05/2011,22.317812,30.696017
3/05/2011,21.974215,30.096805
4/05/2011,21.430853,29.742722
5/05/2011,21.103237,29.089038
6/05/2011,21.478796,29.306931
9/05/2011,21.726506,29.642856
10/05/2011,21.838375,29.769961
11/05/2011,21.406882,29.179826
12/05/2011,21.27903,29.089038
13/05/2011,20.943424,28.843905
16/05/2011,20.935435,28.834826
17/05/2011,21.103237,28.97101
18/05/2011,21.295012,29.415881
19/05/2011,21.478796,29.479434
20/05/2011,21.271041,29.361406
23/05/2011,20.591838,28.834826
24/05/2011,20.735669,29.134432
25/05/2011,20.663753,29.434036
26/05/2011,21.01534,29.552064
27/05/2011,21.207116,29.579303
31/05/2011,21.350946,29.86983
1/06/2011,20.855528,29.025483
2/06/2011,20.831556,28.998248
3/06/2011,20.687724,28.916537
6/06/2011,20.599828,28.43535
7/06/2011,20.75964,28.471667
8/06/2011,20.384081,28.217455
9/06/2011,20.655763,28.498903
10/06/2011,20.24025,27.99956
13/06/2011,20.296184,27.881532
14/06/2011,20.823565,28.389956
15/06/2011,20.248241,27.808901
16/06/2011,20.064457,27.509295
17/06/2011,20.304175,27.454821
20/06/2011,20.160343,27.536532
21/06/2011,20.519922,28.190218
22/06/2011,20.353292,28.131726
23/06/2011,20.239494,27.811839
24/06/2011,20.028158,27.418835
27/06/2011,19.995645,27.555929
28/06/2011,20.393933,28.031189
29/06/2011,20.710936,28.561287
30/06/2011,21.17425,28.94515
1/07/2011,21.328688,29.155361
5/07/2011,20.97917,29.237618
6/07/2011,20.840989,29.100524
7/07/2011,21.198635,29.274175
8/07/2011,21.092968,29.19192
11/07/2011,20.4996,28.579566
12/07/2011,20.206982,28.69838
13/07/2011,20.589012,29.091384
14/07/2011,20.320778,28.872034
15/07/2011,20.198853,29.210198
18/07/2011,19.995645,28.881173
19/07/2011,20.475216,29.338152
20/07/2011,20.710936,29.46611
21/07/2011,21.052325,29.785995
22/07/2011,21.198635,29.804274
25/07/2011,20.922272,29.767715
26/07/2011,21.117352,29.511807
27/07/2011,20.873503,28.69838
28/07/2011,20.694679,28.661823
29/07/2011,20.491471,28.277959
1/08/2011,20.515857,28.332796
2/08/2011,19.898105,27.638186
3/08/2011,19.67864,27.775279
4/08/2011,18.2887,26.440897
5/08/2011,18.109878,25.983916
8/08/2011,16.654909,24.567276
9/08/2011,18.280571,25.938217
10/08/2011,17.418971,25.526936
11/08/2011,18.459394,26.568851
12/08/2011,18.565063,26.523154
15/08/2011,19.353508,27.135508
16/08/2011,18.955221,26.742504
17/08/2011,19.288482,26.907017
18/08/2011,18.378112,25.801123
19/08/2011,18.150518,25.40812
22/08/2011,18.174904,25.499516
23/08/2011,19.012119,26.15757
24/08/2011,18.922709,26.285524
25/08/2011,18.613832,26.066173
26/08/2011,19.077145,26.230686
29/08/2011,19.621742,26.769924
30/08/2011,19.605487,27.007552
31/08/2011,19.784309,27.318299
1/09/2011,19.581101,27.281741
2/09/2011,19.085274,26.797341
6/09/2011,18.646346,26.477455
7/09/2011,19.369765,26.998414
8/09/2011,18.955221,26.815621
9/09/2011,18.353726,25.993056
12/09/2011,18.077364,25.581773
13/09/2011,18.118006,25.828543
14/09/2011,17.955439,25.88338
15/09/2011,18.272443,26.404338
16/09/2011,18.418753,26.212407
19/09/2011,17.898541,25.682309
20/09/2011,17.792872,25.66403
21/09/2011,17.142608,24.750068
22/09/2011,16.199724,23.433964
23/09/2011,16.31352,23.242033
26/09/2011,16.744321,23.79041
27/09/2011,17.264532,24.238251
28/09/2011,16.801219,23.54364
29/09/2011,16.866245,23.689874
30/09/2011,16.305392,23.29687
3/10/2011,15.768923,22.446886
4/10/2011,16.126569,22.264095
5/10/2011,16.589883,23.232893
6/10/2011,17.313302,23.936644
7/10/2011,17.418971,23.5345
10/10/2011,18.223673,24.475881
11/10/2011,18.183032,24.302228
12/10/2011,18.508165,24.859745
13/10/2011,18.573191,24.521578
14/10/2011,18.955221,25.143072
17/10/2011,18.43501,24.503299
18/10/2011,18.711372,24.905442
19/10/2011,18.369983,24.375345
20/10/2011,18.321214,24.439322
21/10/2011,18.711372,24.887162
24/10/2011,19.312867,25.444679
25/10/2011,18.792656,24.996838
26/10/2011,19.06089,25.462959
27/10/2011,20.45083,26.459177
28/10/2011,20.21511,26.495734
31/10/2011,19.29661,25.810263
1/11/2011,18.58132,24.969419
2/11/2011,18.808911,25.298446
3/11/2011,19.199071,25.947357
4/11/2011,19.109659,25.63661
7/11/2011,19.239712,25.810263
8/11/2011,19.483561,25.965637
9/11/2011,18.500036,24.942001
10/11/2011,18.800783,24.960279
11/11/2011,19.34538,25.481237
14/11/2011,18.890195,25.207049
15/11/2011,18.930837,25.060815
16/11/2011,18.516293,24.932861
17/11/2011,18.126133,24.274808
18/11/2011,18.093621,24.311368
21/11/2011,17.532767,23.753851
22/11/2011,17.540895,23.77213
23/11/2011,16.923143,23.086659
25/11/2011,16.825604,22.81247
28/11/2011,17.581536,23.52536
29/11/2011,17.792872,23.890944
30/11/2011,18.906452,25.097373
1/12/2011,18.727629,25.042536
2/12/2011,18.947093,24.850605
5/12/2011,19.255969,25.051676
6/12/2011,19.020248,25.060815
7/12/2011,19.125916,25.207049
8/12/2011,18.500036,24.448461
9/12/2011,18.81704,24.777488
12/12/2011,18.23993,24.265668
13/12/2011,18.020466,23.79041
14/12/2011,17.776617,23.242033
15/12/2011,17.792872,23.251173
16/12/2011,17.792872,23.54364
19/12/2011,17.362073,23.214613
20/12/2011,17.992566,23.745695
21/12/2011,18.00095,23.968137
22/12/2011,18.168636,24.357411
23/12/2011,18.269247,24.468631
27/12/2011,18.23571,24.385215
28/12/2011,17.699119,24.00521
29/12/2011,17.984183,24.273995
30/12/2011,17.975799,24.654
3/01/2012,18.512389,25.395473
4/01/2012,18.73038,25.349132
5/01/2012,18.487236,25.191568
6/01/2012,18.244094,24.932052
9/01/2012,18.302783,25.006199
10/01/2012,18.654921,25.330594
11/01/2012,18.763916,25.210106
12/01/2012,18.847758,25.339863
13/01/2012,18.696842,25.145225
17/01/2012,18.847758,25.293522
18/01/2012,19.183127,25.608646
19/01/2012,19.149591,25.756943
20/01/2012,19.233434,25.719868
23/01/2012,19.300508,26.174021
24/01/2012,19.149591,25.821821
25/01/2012,19.644261,26.275974
26/01/2012,19.702951,26.127679
27/01/2012,19.786793,26.192558
30/01/2012,19.593956,26.016457
31/01/2012,19.635877,26.053532
1/02/2012,19.837098,26.285242
2/02/2012,19.845483,26.377925
3/02/2012,20.138931,26.674516
6/02/2012,20.013168,26.516953
7/02/2012,20.004784,26.415
8/02/2012,20.03832,26.424268
9/02/2012,20.021551,26.35939
10/02/2012,19.510114,25.951579
13/02/2012,19.828714,26.081336
14/02/2012,19.560419,25.979385
15/02/2012,19.501729,26.034995
16/02/2012,19.593956,26.396462
17/02/2012,19.44304,26.303778
21/02/2012,19.719719,26.64671
22/02/2012,19.686182,26.757932
23/02/2012,19.887403,26.878421
24/02/2012,19.920941,26.785736
27/02/2012,19.954477,26.739395
28/02/2012,19.962861,26.971105
29/02/2012,19.912556,26.896958
1/03/2012,20.03832,27.17501
2/03/2012,19.887403,26.924762
5/03/2012,19.711335,26.535488
6/03/2012,19.065749,25.868163
7/03/2012,19.174745,25.94231
8/03/2012,19.451424,26.396462
9/03/2012,19.409502,26.498416
12/03/2012,19.250201,26.266705
13/03/2012,19.66103,26.683785
14/03/2012,19.434655,26.248168
15/03/2012,19.686182,26.442806
16/03/2012,19.803562,26.618904
19/03/2012,19.895788,26.655979
20/03/2012,19.468191,26.442806
21/03/2012,19.375966,26.461341
22/03/2012,19.183127,26.053532
23/03/2012,19.451424,26.294511
26/03/2012,19.753256,26.757932
27/03/2012,19.577187,26.535488
28/03/2012,19.602339,26.285242
29/03/2012,19.610724,26.229631
30/03/2012,19.711335,26.266705
2/04/2012,19.811945,26.693052
3/04/2012,19.501729,26.294511
4/04/2012,19.26697,25.83109
5/04/2012,19.38435,25.682794
9/04/2012,19.22505,25.451083
10/04/2012,18.956754,25.052542
11/04/2012,19.149591,25.247178
12/04/2012,19.66103,25.914504
13/04/2012,19.409502,25.432548
16/04/2012,19.48496,25.404742
17/04/2012,19.694566,25.905237
18/04/2012,19.669413,25.858894
19/04/2012,19.694566,25.794015
20/04/2012,19.795178,25.877431
23/04/2012,19.493345,25.553036
24/04/2012,19.652646,25.617915
25/04/2012,19.93771,26.025726
26/04/2012,19.971246,26.053532
27/04/2012,20.080242,26.368658
30/04/2012,19.988015,26.285242
1/05/2012,20.088625,26.433537
2/05/2012,20.03832,26.192558
3/05/2012,19.862252,25.654989
4/05/2012,19.367582,25.12669
7/05/2012,19.359197,25.210106
8/05/2012,18.965139,24.70961
9/05/2012,18.814222,24.570584
10/05/2012,19.04898,24.663269
11/05/2012,18.872912,24.644731
14/05/2012,18.688459,24.153504
15/05/2012,18.504005,23.801305
16/05/2012,18.093178,23.625205
17/05/2012,17.757809,23.4213
18/05/2012,17.481129,23.282274
21/05/2012,17.917109,23.754962
22/05/2012,17.799729,23.643742
23/05/2012,17.573354,23.847647
24/05/2012,17.481129,23.801305
25/05/2012,17.254754,23.671548
29/05/2012,17.78296,23.986673
30/05/2012,17.313444,23.412031
31/05/2012,17.405671,23.467642
1/06/2012,17.078686,23.032026
4/06/2012,17.24637,22.985683
5/06/2012,17.430824,23.337884
6/06/2012,18.034488,23.875453
7/06/2012,18.042873,23.819843
8/06/2012,18.017719,23.643742
11/06/2012,17.724271,23.263737
12/06/2012,18.017719,23.653011
13/06/2012,17.824882,23.578863
14/06/2012,17.917109,23.699352
15/06/2012,18.168636,23.884721
18/06/2012,18.395011,23.968137
19/06/2012,18.713611,24.4779
20/06/2012,18.604616,24.413021
21/06/2012,17.950621,23.474778
22/06/2012,18.070464,23.642987
25/06/2012,17.736617,23.287876
26/06/2012,17.976302,23.428052
27/06/2012,18.207426,23.586918
28/06/2012,18.019102,23.446742
29/06/2012,18.703914,24.147621
2/07/2012,18.857997,24.250417
3/07/2012,18.986399,24.8485
5/07/2012,18.952158,24.755049
6/07/2012,18.738154,24.259761
9/07/2012,18.695354,24.194346
10/07/2012,18.43855,23.876614
11/07/2012,18.618313,24.007446
12/07/2012,18.344388,23.773819
13/07/2012,18.669673,24.063516
16/07/2012,18.703914,24.072861
17/07/2012,18.977839,24.222382
18/07/2012,19.09768,24.297142
19/07/2012,19.422967,24.549459
20/07/2012,19.191842,24.325178
23/07/2012,18.832316,24.063516
24/07/2012,18.721035,23.811199
25/07/2012,18.952158,23.970065
26/07/2012,19.311684,24.418627
27/07/2012,19.833853,24.792431
30/07/2012,19.850974,24.857846
31/07/2012,19.842413,24.568149
1/08/2012,19.791053,24.456008
2/08/2012,19.748251,24.203691
3/08/2012,20.133458,24.670944
6/08/2012,20.133458,24.727014
7/08/2012,20.21906,25.175578
8/08/2012,20.356022,25.091472
9/08/2012,20.347462,25.297063
10/08/2012,20.338902,25.409204
13/08/2012,20.124898,25.222302
14/08/2012,20.090657,25.334444
15/08/2012,20.039296,25.474619
16/08/2012,20.321781,25.839076
17/08/2012,20.26186,25.895146
20/08/2012,20.407383,25.941872
21/08/2012,20.587145,25.979251
22/08/2012,20.621386,25.923181
23/08/2012,20.364583,25.6989
24/08/2012,20.338902,25.820385
27/08/2012,20.201939,25.783006
28/08/2012,20.270421,25.773661
29/08/2012,20.21906,25.745625
30/08/2012,19.842413,25.465274
31/08/2012,20.090657,25.6989
4/09/2012,19.731131,25.726936
5/09/2012,19.67977,25.717591
6/09/2012,20.159138,26.222223
7/09/2012,20.313221,26.670787
10/09/2012,20.073538,26.567991
11/09/2012,20.381702,26.689476
12/09/2012,20.458743,26.708166
13/09/2012,20.82683,27.184764
14/09/2012,20.963792,27.465115
17/09/2012,20.724107,27.259524
18/09/2012,20.681307,27.2128
19/09/2012,20.82683,27.203455
20/09/2012,20.689867,27.081968
21/09/2012,20.681307,26.988517
24/09/2012,20.570026,26.782926
25/09/2012,20.287541,26.558645
26/09/2012,20.21906,26.455849
27/09/2012,20.595705,26.820307
28/09/2012,20.364583,26.62406
1/10/2012,20.561466,26.820307
2/10/2012,20.535785,26.848342
3/10/2012,20.381702,26.661441
4/10/2012,20.570026,27.063277
5/10/2012,20.552905,27.007208
8/10/2012,20.552905,26.941792
9/10/2012,20.518664,26.754891
10/10/2012,20.552905,26.511921
11/10/2012,20.672747,26.652096
12/10/2012,20.604266,26.502575
15/10/2012,20.809709,26.577336
16/10/2012,20.946671,26.820307
17/10/2012,21.306197,27.156728
18/10/2012,21.246276,27.025898
19/10/2012,21.023712,26.698821
22/10/2012,21.066514,26.689476
23/10/2012,20.766909,26.287638
24/10/2012,20.903871,26.184843
25/10/2012,21.057954,26.446504
26/10/2012,20.963792,26.343709
31/10/2012,21.040833,26.62406
1/11/2012,21.040833,26.810962
2/11/2012,20.715548,26.53061
5/11/2012,20.852511,26.465194
6/11/2012,21.160675,26.614715
7/11/2012,20.972352,26.250259
8/11/2012,20.88675,25.997942
9/11/2012,20.972352,26.025977
12/11/2012,20.998033,26.054012
13/11/2012,20.749788,25.895146
14/11/2012,20.424503,25.390513
15/11/2012,20.356022,25.175578
16/11/2012,20.364583,25.325098
19/11/2012,20.724107,25.82973
20/11/2012,20.629947,25.811042
21/11/2012,20.621386,25.960562
23/11/2012,21.023712,26.334364
26/11/2012,20.963792,26.250259
27/11/2012,21.006593,26.054012
28/11/2012,21.169235,26.212878
29/11/2012,21.297637,26.334364
30/11/2012,21.374678,26.268949
3/12/2012,21.391799,26.212878
4/12/2012,21.434601,26.166153
5/12/2012,21.46028,26.259604
6/12/2012,21.554442,26.287638
7/12/2012,21.742765,26.306328
10/12/2012,21.794125,26.5493
11/12/2012,21.931089,26.670787
12/12/2012,21.99957,26.876377
13/12/2012,21.888287,26.745547
14/12/2012,21.913968,26.633406
17/12/2012,22.008129,26.745547
18/12/2012,22.083515,26.875281
19/12/2012,22.021433,26.922632
20/12/2012,22.12786,26.96998
21/12/2012,21.950482,26.818463
24/12/2012,21.861792,26.761645
26/12/2012,21.826318,26.714295
27/12/2012,21.977089,26.704827
28/12/2012,21.897269,26.51543
31/12/2012,22.296367,26.894221
2/01/2013,22.606779,27.348771
3/01/2013,22.500353,27.102558
4/01/2013,22.59791,27.254075
7/01/2013,22.526959,27.197255
8/01/2013,22.376188,27.178316
9/01/2013,22.518089,27.254075
10/01/2013,22.775288,27.49082
11/01/2013,22.580171,27.509758
14/01/2013,22.642255,27.576048
15/01/2013,22.624517,27.632866
16/01/2013,22.784157,27.50029
17/01/2013,22.899452,27.613926
18/01/2013,22.855108,27.642336
22/01/2013,22.961534,27.822261
23/01/2013,22.988141,27.566578
24/01/2013,22.970403,27.538168
25/01/2013,23.050223,27.44347
28/01/2013,23.005879,27.46241
29/01/2013,23.245338,27.613926
30/01/2013,23.15665,27.519228
31/01/2013,23.165519,27.339303
1/02/2013,23.342896,27.538168
4/02/2013,23.103436,27.386651
5/02/2013,23.174387,27.528698
6/02/2013,23.165519,27.604456
7/02/2013,23.041354,27.44347
8/02/2013,23.325158,27.44347
11/02/2013,23.245338,27.348771
12/02/2013,23.271945,27.47188
13/02/2013,23.538012,27.434
14/02/2013,23.733127,27.367711
15/02/2013,23.715389,27.112026
19/02/2013,24.18544,27.216195
20/02/2013,23.812947,26.894221
21/02/2013,23.396109,26.723765
22/02/2013,23.848422,26.790055
25/02/2013,23.591225,26.47755
26/02/2013,23.591225,26.562778
27/02/2013,23.86616,26.799523
28/02/2013,23.839553,26.723765
1/03/2013,23.892767,26.799523
4/03/2013,23.759734,26.695357
5/03/2013,24.141095,26.723765
6/03/2013,24.26526,26.790055
7/03/2013,24.34508,26.865813
8/03/2013,24.327342,26.875281
11/03/2013,24.469244,27.00786
12/03/2013,24.451506,27.055208
13/03/2013,24.26526,26.723765
14/03/2013,24.176571,27.01733
15/03/2013,24.557933,27.149906
18/03/2013,24.220915,26.903691
19/03/2013,23.78634,26.771115
20/03/2013,23.857291,26.941572
21/03/2013,23.733127,26.799523
22/03/2013,24.0258,26.875281
25/03/2013,23.910504,26.704827
26/03/2013,24.008062,26.903691
27/03/2013,24.034669,26.875281
28/03/2013,23.981456,26.99839
1/04/2013,23.883898,26.903691
2/04/2013,24.016931,26.95104
3/04/2013,23.70652,26.373383
4/04/2013,23.715389,26.240805
5/04/2013,23.431585,26.07982
8/04/2013,23.6267,26.07982
9/04/2013,24.052407,26.420732
10/04/2013,24.274129,26.600658
11/04/2013,24.442637,26.572248
12/04/2013,24.26526,26.193457
15/04/2013,23.351765,25.123371
16/04/2013,23.910504,25.54004
17/04/2013,23.662176,25.047612
18/04/2013,23.458192,25.123371
19/04/2013,23.475929,25.274887
22/04/2013,23.635569,25.293825
23/04/2013,24.0258,25.303295
24/04/2013,24.371686,25.729437
25/04/2013,24.442637,25.937772
26/04/2013,24.336211,25.805195
29/04/2013,24.708704,26.155579
30/04/2013,24.921557,26.53437
1/05/2013,24.495851,26.297625
2/05/2013,24.504719,26.382853
3/05/2013,24.81513,26.5249
6/05/2013,24.602277,26.610128
7/05/2013,24.353948,26.723765
8/05/2013,24.557933,27.093088
9/05/2013,24.247522,26.846873
10/05/2013,24.149964,26.818463
13/05/2013,24.079013,26.752175
14/05/2013,24.10562,26.685887
15/05/2013,23.892767,26.458612
16/05/2013,23.582356,26.439672
17/05/2013,23.529143,26.449142
20/05/2013,23.830685,26.742705
21/05/2013,23.582356,26.771115
22/05/2013,23.121174,26.600658
23/05/2013,22.988141,26.53437
24/05/2013,22.216547,26.51543
28/05/2013,22.234286,26.53437
29/05/2013,22.145596,26.638537
30/05/2013,22.225416,26.790055
31/05/2013,21.64894,26.259745
3/06/2013,22.12786,26.5249
4/06/2013,21.861792,26.316565
5/06/2013,21.143414,25.956712
6/06/2013,21.311923,26.117698
7/06/2013,21.178888,26.193457
10/06/2013,20.974904,26.269215
11/06/2013,20.646757,25.937772
12/06/2013,20.637888,25.653679
13/06/2013,21.285316,26.165047
14/06/2013,21.232103,25.928302
17/06/2013,21.569119,26.146108
18/06/2013,21.444956,26.250275
19/06/2013,20.903953,25.871484
20/06/2013,19.963852,25.019202
21/06/2013,20.150098,24.924504
24/06/2013,20.043672,24.536242
25/06/2013,20.407296,24.801397
26/06/2013,20.646757,24.905564
27/06/2013,20.93914,25.005202
28/06/2013,20.503287,25.053104
1/07/2013,20.394323,25.120168
2/07/2013,20.485126,25.081846
3/07/2013,20.158237,25.014783
5/07/2013,20.321681,24.947719
8/07/2013,20.530529,25.158491
9/07/2013,20.957301,25.455487
10/07/2013,20.775695,25.474648
11/07/2013,21.338674,26.221931
12/07/2013,21.057185,26.097383
15/07/2013,21.184309,26.221931
16/07/2013,21.474878,26.298575
17/07/2013,21.502119,26.327315
18/07/2013,21.429477,26.605152
19/07/2013,21.384074,26.739279
22/07/2013,21.54752,26.940471
23/07/2013,21.629242,26.997954
24/07/2013,21.474878,26.768021
25/07/2013,21.674645,26.93089
26/07/2013,21.838089,26.863827
29/07/2013,21.665564,26.969212
30/07/2013,21.347754,26.605152
31/07/2013,21.120747,26.471023
1/08/2013,21.129827,26.538088
2/08/2013,21.256951,26.442283
5/08/2013,21.20247,26.356058
6/08/2013,21.266031,26.174027
7/08/2013,20.90282,25.924933
8/08/2013,21.502119,26.480604
9/08/2013,21.638323,26.528508
12/08/2013,21.774527,26.605152
13/08/2013,21.947053,26.643473
14/08/2013,21.947053,26.681796
15/08/2013,21.801768,26.854246
16/08/2013,21.86533,26.854246
19/08/2013,21.674645,26.499765
20/08/2013,21.5566,26.547667
21/08/2013,21.302352,26.145287
22/08/2013,21.456717,26.279414
23/08/2013,21.729126,26.518927
26/08/2013,21.592922,26.509346
27/08/2013,21.374996,26.21235
28/08/2013,21.302352,26.260252
29/08/2013,21.266031,26.298575
30/08/2013,21.320513,26.24109
3/09/2013,21.947053,26.423121
4/09/2013,22.255783,26.557248
5/09/2013,22.128659,26.739279
6/09/2013,22.264863,26.911729
9/09/2013,22.600833,27.065017
10/09/2013,22.964046,27.074598
11/09/2013,23.036688,27.208725
12/09/2013,22.809681,26.892567
13/09/2013,22.8006,26.892567
16/09/2013,22.973124,27.160823
17/09/2013,23.191053,27.256629
18/09/2013,23.79943,27.649431
19/09/2013,23.517942,27.496142
20/09/2013,23.245534,27.199144
23/09/2013,23.318176,27.189563
24/09/2013,23.191053,27.199144
25/09/2013,23.245534,27.160823
26/09/2013,23.427139,27.208725
27/09/2013,23.263695,27.237467
30/09/2013,22.945885,27.1225
1/10/2013,23.13657,27.237467
2/10/2013,23.127489,27.189563
3/10/2013,23.082089,26.988373
4/10/2013,23.281854,27.1225
7/10/2013,22.873242,27.112919
8/10/2013,22.727958,26.787181
9/10/2013,22.81876,26.815923
10/10/2013,23.227373,27.208725
11/10/2013,23.536103,27.314111
14/10/2013,23.581504,27.371594
15/10/2013,23.499781,27.29495
16/10/2013,23.79943,27.4674
17/10/2013,24.144482,27.726075
18/10/2013,24.425971,27.956007
21/10/2013,24.398731,28.01349
22/10/2013,24.743781,28.205102
23/10/2013,24.371489,27.965588
24/10/2013,24.453212,28.01349
25/10/2013,24.562175,28.090134
28/10/2013,24.643897,28.090134
29/10/2013,24.371489,28.147617
30/10/2013,24.235285,28.147617
31/10/2013,24.217124,28.128457
1/11/2013,24.198964,28.042232
4/11/2013,24.298847,28.128457
5/11/2013,24.326089,28.01349
6/11/2013,24.525854,28.205102
7/11/2013,24.198964,27.917684
8/11/2013,24.289767,28.090134
11/11/2013,24.06276,28.051813
12/11/2013,23.772191,27.936846
13/11/2013,23.635987,28.128457
14/11/2013,23.726788,28.243423
15/11/2013,24.044599,28.367971
18/11/2013,23.908395,28.387131
19/11/2013,23.881153,28.233842
20/11/2013,23.536103,28.272165
21/11/2013,23.372658,28.205102
22/11/2013,23.363577,28.214682
25/11/2013,23.345416,28.118877
26/11/2013,23.227373,27.908104
27/11/2013,23.13657,27.764396
29/11/2013,23.027607,27.869783
2/12/2013,22.764278,27.764396
3/12/2013,22.709797,27.496142
4/12/2013,22.691636,27.390756
5/12/2013,22.401067,27.285369
6/12/2013,22.555432,27.409917
9/12/2013,22.246702,27.553625
10/12/2013,22.237622,27.63985
11/12/2013,21.901652,27.227886
12/12/2013,21.374996,27.10334
13/12/2013,21.620162,27.199144
16/12/2013,21.783607,27.400336
17/12/2013,21.54752,27.323692
18/12/2013,21.63686,27.477154
19/12/2013,21.981189,27.671406
20/12/2013,22.334823,27.758821
23/12/2013,22.604703,27.953075
24/12/2013,22.679152,28.089052
26/12/2013,22.641927,28.234741
27/12/2013,22.561813,28.030776
30/12/2013,22.627022,28.186179
31/12/2013,22.701545,28.322156
2/01/2014,22.524553,28.127901
3/01/2014,22.748121,28.108477
6/01/2014,22.673598,27.923936
7/01/2014,22.636336,27.817096
8/01/2014,22.496606,27.797672
9/01/2014,22.459345,27.719971
10/01/2014,22.682914,27.846235
13/01/2014,22.571129,27.817096
14/01/2014,22.273037,27.632557
15/01/2014,22.263722,27.758821
16/01/2014,22.217146,27.914223
17/01/2014,22.086729,27.90451
21/01/2014,22.235777,28.059913
22/01/2014,22.254406,27.875373
23/01/2014,21.816585,27.778246
24/01/2014,21.341501,27.341175
27/01/2014,21.434655,26.942956
28/01/2014,21.593016,27.098358
29/01/2014,21.369448,26.942956
30/01/2014,21.695486,27.146923
31/01/2014,21.462602,27.127497
3/02/2014,21.136564,26.77784
4/02/2014,21.648908,26.855542
5/02/2014,21.481231,26.962382
6/02/2014,22.021522,27.331462
7/02/2014,22.179883,27.53543
10/02/2014,22.170568,27.53543
11/02/2014,22.69223,27.787959
12/02/2014,22.850591,27.90451
13/02/2014,22.794697,28.108477
14/02/2014,23.167313,28.225028
18/02/2014,23.269781,28.322156
19/02/2014,23.167313,28.108477
20/02/2014,23.409511,28.225028
21/02/2014,23.297728,28.15704
24/02/2014,23.577188,28.30273
25/02/2014,23.372251,28.273593
26/02/2014,23.316359,28.147327
27/02/2014,23.325675,28.186179
28/02/2014,23.241836,28.341581
3/03/2014,23.064844,28.273593
4/03/2014,23.400198,28.390144
5/03/2014,23.484034,28.545547
6/03/2014,23.772812,28.642674
7/03/2014,23.744865,28.438708
10/03/2014,23.446774,28.428996
11/03/2014,23.21389,28.361007
12/03/2014,23.21389,28.496984
13/03/2014,23.204574,28.438708
14/03/2014,23.018266,28.293017
17/03/2014,23.344304,28.40957
18/03/2014,23.511981,28.487271
19/03/2014,23.139367,28.15704
20/03/2014,23.092791,28.195892
21/03/2014,23.157998,28.254167
24/03/2014,23.316359,28.195892
25/03/2014,23.605135,28.331868
26/03/2014,23.716918,28.293017
27/03/2014,23.810072,28.390144
28/03/2014,23.921857,28.51641
31/03/2014,24.09885,28.700949
1/04/2014,24.126795,28.846641
2/04/2014,24.154742,28.982618
3/04/2014,24.042956,28.827215
4/04/2014,24.117479,28.982618
7/04/2014,24.126795,28.710662
8/04/2014,24.555303,29.070032
9/04/2014,24.965177,29.332274
10/04/2014,24.592563,28.895203
11/04/2014,24.490095,28.652387
14/04/2014,24.443517,28.798076
15/04/2014,24.275841,28.807789
16/04/2014,24.564618,28.972905
17/04/2014,24.639141,29.079745
21/04/2014,24.629825,29.070032
22/04/2014,24.872025,29.157446
23/04/2014,24.769556,29.118594
24/04/2014,24.722979,29.13802
25/04/2014,24.65777,29.099169
28/04/2014,24.844078,29.13802
29/04/2014,24.667086,29.507101
30/04/2014,24.639141,29.662506
1/05/2014,24.415571,29.613941
2/05/2014,24.471464,29.749918
5/05/2014,24.508725,29.672217
6/05/2014,24.62051,29.691642
7/05/2014,24.601879,29.740207
8/05/2014,24.76024,29.720781
9/05/2014,24.722979,29.516814
12/05/2014,24.797502,29.759631
13/05/2014,24.816132,29.779057
14/05/2014,24.890655,29.827619
15/05/2014,24.844078,29.672217
16/05/2014,24.89997,29.584802
19/05/2014,24.573932,29.64308
20/05/2014,24.192002,29.468251
21/05/2014,24.396941,29.720781
22/05/2014,24.545987,29.866471
23/05/2014,24.639141,29.973311
27/05/2014,24.778871,29.856758
28/05/2014,24.685717,29.740207
29/05/2014,24.909286,29.769344
30/05/2014,24.741609,29.817908
2/06/2014,24.722979,29.788769
3/06/2014,24.583248,29.866471
4/06/2014,24.452833,29.885897
5/06/2014,24.648455,29.915033
6/06/2014,24.741609,30.012161
9/06/2014,24.89997,30.15785
10/06/2014,24.89997,30.216128
11/06/2014,24.750924,30.332679
12/06/2014,24.648455,30.400667
13/06/2014,24.648455,30.614347
16/06/2014,24.639141,30.740611
17/06/2014,24.396941,30.66291
18/06/2014,24.592563,30.808599
19/06/2014,24.853394,30.925152
20/06/2014,24.769556,31.119407
23/06/2014,24.89997,31.197106
24/06/2014,24.555303,30.87659
25/06/2014,24.652703,30.949975
26/06/2014,24.993132,31.175032
27/06/2014,24.993132,31.42944
30/06/2014,24.709441,31.517505
1/07/2014,24.822918,31.674065
2/07/2014,25.059326,31.693636
3/07/2014,25.097153,31.840413
7/07/2014,25.097153,31.586
8/07/2014,25.002589,31.586
9/07/2014,24.983676,31.771918
10/07/2014,24.841831,31.595787
11/07/2014,25.106607,31.380516
14/07/2014,25.220084,31.527293
15/07/2014,25.097153,31.312021
16/07/2014,25.172803,31.595787
17/07/2014,24.993132,31.517505
18/07/2014,25.276822,31.752347
21/07/2014,25.172803,31.72299
22/07/2014,25.352473,31.879553
23/07/2014,25.626708,32.036113
24/07/2014,25.551057,32.016543
25/07/2014,25.390299,31.948048
28/07/2014,25.484863,31.977402
29/07/2014,25.447037,31.811055
30/07/2014,25.46595,31.908907
31/07/2014,25.144434,31.468581
1/08/2014,24.983676,31.165247
4/08/2014,25.087696,31.351162
5/08/2014,24.813461,30.969546
6/08/2014,24.945849,31.135891
7/08/2014,24.66216,30.920621
8/08/2014,24.605422,30.930407
11/08/2014,24.605422,31.223956
12/08/2014,24.813461,31.233741
13/08/2014,24.983676,31.233741
14/08/2014,25.182258,31.341375
15/08/2014,25.220084,31.42944
18/08/2014,25.390299,31.507722
19/08/2014,25.418667,31.644712
20/08/2014,25.598338,31.72299
21/08/2014,25.579425,31.801272
22/08/2014,25.475406,31.74256
25/08/2014,25.522687,31.771918
26/08/2014,25.551057,31.908907
27/08/2014,25.645621,32.143745
28/08/2014,25.664532,32.124179
29/08/2014,25.683445,32.153532
2/09/2014,25.683445,32.026326
3/09/2014,25.85366,32.241598
4/09/2014,25.768553,32.094821
5/09/2014,25.721272,32.133962
8/09/2014,25.352473,31.72299
9/09/2014,25.201171,31.791488
10/09/2014,25.172803,31.74256
11/09/2014,24.76618,31.605571
12/09/2014,24.501402,31.488152
15/09/2014,24.264993,31.517505
16/09/2014,24.444664,31.820842
17/09/2014,23.801632,31.625141
18/09/2014,23.971847,31.771918
19/09/2014,23.735438,31.390303
22/09/2014,23.357184,30.930407
23/09/2014,23.376096,30.78363
24/09/2014,23.593593,30.754276
25/09/2014,22.960018,30.128036
26/09/2014,22.884367,30.323735
29/09/2014,22.506111,30.196531
30/09/2014,22.638501,30.030186
1/10/2014,22.676326,29.795346
2/10/2014,22.77089,29.726849
3/10/2014,22.714152,29.619216
6/10/2014,22.827627,29.814915
7/10/2014,22.543938,29.345235
8/10/2014,22.988385,29.697496
9/10/2014,22.572307,29.081039
10/10/2014,21.919819,28.533079
13/10/2014,22.080577,28.219959
14/10/2014,22.231878,27.936193
15/10/2014,22.553394,27.691568
16/10/2014,22.666869,28.112324
17/10/2014,22.978929,28.405875
20/10/2014,23.120776,28.562435
21/10/2014,23.272077,29.159319
22/10/2014,23.18697,28.601574
23/10/2014,23.309901,29.002759
24/10/2014,23.54631,29.17889
27/10/2014,23.57468,28.992974
28/10/2014,23.981303,29.472441
29/10/2014,23.565223,29.237599
30/10/2014,23.924564,29.12018
31/10/2014,24.047497,29.27674
3/11/2014,23.57468,28.826629
4/11/2014,23.707068,28.41566
5/11/2014,23.442292,28.797275
6/11/2014,23.347728,28.70921
7/11/2014,23.621961,29.208245
10/11/2014,23.621961,29.159319
11/11/2014,23.697612,29.364805
12/11/2014,23.584136,29.599645
13/11/2014,23.432835,29.35502
14/11/2014,23.621961,29.66814
17/11/2014,23.357184,29.677925
18/11/2014,23.376096,29.863841
19/11/2014,22.780346,29.785561
20/11/2014,22.685783,30.069325
21/11/2014,22.931648,30.362876
24/11/2014,22.780346,30.039971
25/11/2014,22.591219,30.245455
26/11/2014,22.837084,30.274811
28/11/2014,22.345353,29.29631
1/12/2014,22.014383,29.208245
2/12/2014,22.108945,29.071254
3/12/2014,22.203508,29.384376
4/12/2014,22.260248,28.826629
5/12/2014,22.061664,28.6505
8/12/2014,21.919819,27.887269
9/12/2014,21.673953,28.043829
10/12/2014,21.37135,27.300168
11/12/2014,21.342981,27.261029
12/12/2014,21.021465,26.810918
15/12/2014,20.803969,26.576078
16/12/2014,20.889076,26.957693
17/12/2014,20.954496,27.647391
18/12/2014,21.345076,28.02449
19/12/2014,21.618479,28.342048
22/12/2014,21.833298,28.133651
23/12/2014,21.598951,28.490903
24/12/2014,21.608714,28.540522
26/12/2014,21.667302,28.659605
29/12/2014,21.999294,28.63976
30/12/2014,21.872355,28.63976
31/12/2014,21.647773,28.63976
2/01/2015,21.579422,28.471057
5/01/2015,21.374368,27.706932
6/01/2015,21.286488,27.300061
7/01/2015,21.481777,27.329833
8/01/2015,21.764947,27.667237
9/01/2015,21.97,27.429069
12/01/2015,21.716124,26.992428
13/01/2015,21.716124,26.873343
14/01/2015,21.423191,26.70464
15/01/2015,21.550128,26.555785
16/01/2015,21.794239,27.051969
20/01/2015,21.511071,26.734412
21/01/2015,21.706359,26.813801
22/01/2015,21.696594,27.042045
23/01/2015,21.481777,27.051969
26/01/2015,21.559893,26.982504
27/01/2015,21.598951,27.180976
28/01/2015,21.481777,26.496243
29/01/2015,21.530599,26.377158
30/01/2015,21.403662,26.238227
2/02/2015,21.843063,26.932884
3/02/2015,22.311755,27.657315
4/02/2015,22.194581,27.141283
5/02/2015,22.594923,27.677161
6/02/2015,22.448457,27.399299
9/02/2015,22.419163,27.587847
10/02/2015,22.4094,27.389375
11/02/2015,22.077409,27.309985
12/02/2015,22.214111,27.766474
13/02/2015,22.682804,27.865711
17/02/2015,22.82927,28.153499
18/02/2015,22.936679,27.845863
19/02/2015,22.839034,27.617619
20/02/2015,22.965973,27.498534
23/02/2015,22.907385,27.498534
24/02/2015,23.122204,27.657315
25/02/2015,23.278435,27.935177
26/02/2015,22.965973,27.746626
27/02/2015,23.122204,27.80617
2/03/2015,23.141734,27.816094
3/03/2015,23.151496,27.657315
4/03/2015,23.024559,27.677161
5/03/2015,22.907385,27.53823
6/03/2015,22.507043,27.061893
9/03/2015,22.507043,26.952732
10/03/2015,21.989529,26.387082
11/03/2015,21.930941,26.397006
12/03/2015,22.565631,26.585557
13/03/2015,22.12623,26.357311
16/03/2015,22.32152,26.694716
17/03/2015,22.253169,26.724488
18/03/2015,22.91715,27.300061
19/03/2015,22.692568,26.645098
20/03/2015,23.366315,27.24052
23/03/2015,23.532311,27.379451
24/03/2015,23.542076,27.597771
25/03/2015,23.278435,27.319909
26/03/2015,23.053853,27.260366
27/03/2015,22.82927,26.863419
30/03/2015,22.585159,26.883267
31/03/2015,22.32152,26.97258
1/04/2015,22.360577,27.091663
2/04/2015,22.438692,27.419145
6/04/2015,22.643747,27.687085
7/04/2015,22.760919,27.786322
8/04/2015,23.00503,27.786322
9/04/2015,22.946444,27.905407
10/04/2015,22.995265,28.034414
13/04/2015,22.604688,27.994718
14/04/2015,22.731627,28.252734
15/04/2015,22.799978,28.808462
16/04/2015,23.161261,28.937469
17/04/2015,22.731627,28.788614
20/04/2015,22.692568,28.897776
21/04/2015,22.624217,28.659605
22/04/2015,22.682804,28.719149
23/04/2015,22.848799,29.096248
24/04/2015,23.366315,29.056554
27/04/2015,23.483488,29.066478
28/04/2015,23.815479,29.274875
29/04/2015,23.249141,29.31457
30/04/2015,22.770684,28.897776
1/05/2015,22.897622,28.917622
4/05/2015,22.858564,29.106172
5/05/2015,22.82927,28.778691
6/05/2015,22.438692,28.56037
7/05/2015,22.155524,28.451209
8/05/2015,22.399636,28.709225
11/05/2015,21.989529,28.63976
12/05/2015,22.516808,28.619912
13/05/2015,22.985503,28.59014
14/05/2015,23.151496,28.629836
15/05/2015,23.141734,28.709225
18/05/2015,22.682804,28.490903
19/05/2015,22.253169,28.262658
20/05/2015,22.155524,28.242811
21/05/2015,22.389871,28.471057
22/05/2015,22.194581,28.262658
26/05/2015,22.223875,27.687085
27/05/2015,22.23364,27.72678
28/05/2015,21.930941,27.776398
29/05/2015,22.009058,27.568001
1/06/2015,21.843063,27.478688
2/06/2015,21.930941,27.766474
3/06/2015,21.764947,27.796246
4/06/2015,21.100965,27.438992
5/06/2015,20.98379,27.488612
8/06/2015,21.071671,27.141283
9/06/2015,20.98379,27.409223
10/06/2015,21.452483,27.716856
11/06/2015,21.598951,27.657315
12/06/2015,21.393897,27.349679
15/06/2015,21.501307,27.379451
16/06/2015,21.657538,27.409223
17/06/2015,21.706359,27.518382
18/06/2015,21.784475,27.597771
19/06/2015,21.813769,27.260366
22/06/2015,21.852825,27.45884
23/06/2015,22.067644,27.637467
24/06/2015,21.97,27.568001
25/06/2015,21.85,27.6
26/06/2015,21.440001,27.530001
29/06/2015,20.9,26.75
30/06/2015,21.030001,26.67
1/07/2015,21.26,26.559999
2/07/2015,21.389999,26.700001
6/07/2015,20.790001,26.41
7/07/2015,20.84,26.35
8/07/2015,20.25,25.9
9/07/2015,20.440001,25.77
10/07/2015,20.700001,26.040001
13/07/2015,20.709999,26.16
14/07/2015,20.950001,26.26
15/07/2015,20.9,26.040001
16/07/2015,21.15,26.07
17/07/2015,21.040001,25.9
20/07/2015,21.18,25.540001
21/07/2015,21.23,25.5
22/07/2015,20.809999,25.26
23/07/2015,20.559999,25.129999
24/07/2015,20.219999,25.030001
27/07/2015,20.27,24.75
28/07/2015,20.73,25.129999
29/07/2015,20.790001,25.5
30/07/2015,20.85,25.530001
31/07/2015,20.92,25.549999
3/08/2015,20.74,25.24
4/08/2015,21.09,25.4
5/08/2015,21.040001,25.41
