date,ewc,ewa,ige
1,22.95,16.1,31.76
2,22.78,15.98,31.32
3,22.94,16.1,31.81
4,23.05,16.31,32.26
5,23.32,16.29,32.97
6,23.12,16.32,32.54
7,23.01,16.27,32.42
8,23.33,16.56,32.82
9,23.23,16.63,32.69
10,23.54,16.96,33.16
11,23.56,16.87,33.52
12,23.17,16.86,33
13,22.76,16.3,31.86
14,22.2,15.79,30.92
15,22.29,16.08,30.98
16,21.79,15.39,30.14
17,21.47,15.44,29.51
18,21.55,15.31,29.68
19,21.35,14.81,29.36
20,21.37,15.09,29.51
21,21.15,14.84,29.11
22,21.99,15.11,30.23
23,22.2,15.25,30.48
24,22.1,15.15,30.01
25,22.38,14.96,30.72
26,22.38,14.87,30.79
27,22.6,15.11,31.37
28,22.09,14.88,30.25
29,21.86,14.52,30.03
30,21.44,14.36,28.96
31,21.04,14.08,28.97
32,21.32,14.33,28.85
33,21.02,14.19,27.95
34,20.23,13.34,27.06
35,20.41,13.75,27.72
36,21,14.29,28.97
37,20.78,14.11,28.77
38,20.32,13.86,27.76
39,20.29,13.85,27.66
40,20.82,14.23,28.31
41,20.66,14.19,28.46
42,20.78,14.18,29.04
43,21.09,14.22,29.4
44,20.95,14.11,29.39
45,20.93,14.05,29.75
46,21.63,14.86,30.86
47,21.83,14.91,31
48,22.07,15.05,31.52
49,21.89,14.79,31.43
50,21.82,15.03,31.39
51,21.82,15.34,31.04
52,21.64,15.32,30.93
53,21.8,15.34,31.36
54,21.67,15.05,31.28
55,21.38,14.87,30.87
56,21.41,14.45,31.19
57,21,14.41,30.2
58,21.06,14.32,30.22
59,21.42,14.66,30.63
60,21.09,14.59,29.76
61,20.93,14.48,29.21
62,21.29,14.91,30.12
63,21.56,14.88,30.76
64,21.9,14.78,31.33
65,21.6,15.06,31.18
66,21.83,15.29,31.22
67,21.86,15.12,31.75
68,21.98,15.04,31.86
69,22.24,14.99,32.02
70,22.23,14.95,31.8
71,22.16,14.97,31.46
72,22.19,14.88,31.65
73,22.41,15.05,31.52
74,22.43,14.94,31.74
75,22.26,15.01,31.55
76,22.28,14.86,31.38
77,22.01,14.91,30.78
78,22.36,15.21,31.04
79,22.53,15.27,31
80,22.45,15.33,30.76
81,22.4,15.32,31.04
82,22.82,15.55,31.43
83,23.01,15.42,31.61
84,23.04,15.33,31.17
85,22.85,15.03,31.3
86,22.87,15.11,31.5
87,22.94,15.25,31.08
88,22.88,15.56,30.92
89,22.82,15.56,30.52
90,22.83,15.7,30.47
91,23.05,15.81,30.87
92,23.03,16.17,31.16
93,22.63,15.72,30.35
94,22.32,15.5,30.07
95,22.08,15.47,29.44
96,21.54,14.94,28.27
97,21.62,15,28.11
98,21.81,15.17,28.8
99,21.58,15.21,28.12
100,21.6,15.18,28.06
101,21.92,15.44,28.76
102,21.58,15.09,28.23
103,21.41,15.07,27.54
104,21.6,14.99,28.04
105,21.51,14.74,27.8
106,21.59,15,27.74
107,21.81,15.02,28.34
108,22.12,15.31,28.86
109,22.26,15.33,28.81
110,22.08,15.36,28.93
111,22.01,15.54,28.59
112,21.33,15.3,27.46
113,21.47,15.54,27.71
114,21.79,15.8,28.29
115,21.68,15.6,28.3
116,21.66,15.65,28.1
117,21.65,15.73,28.47
118,21.24,15.78,28.07
119,21.49,16.15,28.6
120,21.87,16.16,29.13
121,22.24,16.4,29.82
122,21.96,16.05,29.55
123,21.94,16.26,29.26
124,22.37,16.37,30.01
125,22.4,16.66,29.72
126,22.5,16.58,29.73
127,22.72,16.61,30.2
128,23.04,16.69,30.75
129,23.18,17.16,30.68
130,22.82,16.86,30.33
131,22.89,17.41,29.88
132,23.22,17.18,30.2
133,22.49,17.56,29.89
134,22.88,17.29,29.98
135,23.03,17.41,30.57
136,23.24,17.66,30.9
137,23.18,17.86,30.63
138,23.34,17.47,31.12
139,23.49,17.43,31.48
140,23.28,17.34,31.02
141,23.1,17.12,30.94
142,23.1,17.38,31
143,23.31,17.22,31.37
144,23.1,17.06,30.48
145,23.07,17.24,30.74
146,23.17,16.86,30.82
147,23.52,17.2,31.33
148,23.57,17.57,31.35
149,23.86,17.7,31.4
150,23.64,17.42,31.15
151,23.66,17.86,31.63
152,23.82,17.98,32.49
153,23.85,18.18,32.76
154,23.85,17.81,32.9
155,24.14,18.15,32.88
156,24.25,18.03,33.02
157,24.1,18.16,32.91
158,24.05,18,32.82
159,24.06,17.7,32.82
160,24.02,17.98,32.75
161,23.93,18.01,32.63
162,23.89,18.19,32.9
163,24.12,18.56,33.4
164,23.73,18.38,33.03
165,23.49,18.31,32.06
166,23.62,18.32,32.57
167,23.51,18.52,32.12
168,23.2,18.39,31.87
169,23.12,18.47,31.61
170,22.97,18.53,31.62
171,23.35,18.91,31.99
172,23.43,18.99,32.1
173,23.4,18.75,31.89
174,22.83,18.79,30.66
175,22.43,18.35,29.92
176,22.35,17.97,30.15
177,22.19,18.1,30.24
178,22.24,18.23,29.89
179,22.21,18.07,29.54
180,22.32,18.28,29.31
181,22.86,18.67,30.24
182,22.52,18.63,29.91
183,22.78,18.61,30.19
184,22.51,18.75,29.91
185,22.85,19.06,30.62
186,22.57,19.01,30.49
187,23.06,19.51,31.32
188,23.31,19.31,31.52
189,23.05,18.77,30.92
190,23.23,18.78,31.06
191,23.06,18.79,30.87
192,23.33,19.2,31.54
193,23.42,19.17,31.69
194,23.6,19.11,31.99
195,23.44,19.11,31.96
196,23.55,19.22,31.9
197,23.63,19.48,31.91
198,23.52,19.64,31.69
199,23.65,19.78,32.01
200,23.61,19.63,31.88
201,23.51,19.48,31.51
202,23.98,19.94,32.09
203,24.03,20.2,32.14
204,24.26,20.18,31.94
205,24.29,20.24,31.97
206,24.1,20.38,31.66
207,24.38,20.37,32.02
208,24.3,20.54,32.35
209,24.36,20.96,32.43
210,24.5,21,32.69
211,23.57,19.71,31.36
212,23.57,19.85,31.44
213,23.33,19.75,31.39
214,22.96,19.67,30.75
215,22.7,18.25,30.3
216,23.05,19.68,30.99
217,23.23,19.42,31.37
218,23.35,19.52,31.56
219,23.56,19.5,31.59
220,23.49,20.09,31.52
221,22.94,19.41,30.96
222,23.02,19.82,31.23
223,23.14,20.25,31.31
224,23.08,20.09,31.03
225,23.31,20.46,31.68
226,23.68,20.79,31.84
227,24.11,21.02,32.42
228,24.04,21.12,32.83
229,24.18,21,33.02
230,24.26,21.62,33.15
231,24.19,21.06,33.17
232,24.09,20.73,33.14
233,24.3,20.97,33.42
234,24.23,21.2,33.03
235,24.43,21.26,33.39
236,24.73,21.73,33.56
237,24.66,21.95,33.75
238,24.84,22.08,33.87
239,24.88,22.07,33.82
240,24.83,22.6,34.32
241,25,22.36,34.26
242,25.34,22.78,34.69
243,25.42,22.81,34.92
244,25.83,23.02,35.12
245,25.67,23.1,34.9
246,25.8,23.11,34.75
247,25.48,22.83,34.31
248,25.85,22.96,34.77
249,25.77,22.87,34.83
250,25.67,22.45,34.69
251,26.1,22.96,35.38
252,25.73,22.7,35.29
253,25.96,22.62,35.33
254,25.83,22.34,34.86
255,25.58,22.38,34.92
256,26.04,22.91,35.29
257,26.26,22.83,35.69
258,26.45,23.11,35.82
259,26.81,23.1,36.08
260,26.78,23.03,36.07
261,26.77,23.5,36.04
262,26.48,23.05,35.42
263,26.91,23.47,36.18
264,26.81,23.35,36.22
265,27.15,23.31,36.24
266,27.21,23.05,36.35
267,27.58,23.24,36.88
268,27.81,23.34,37.39
269,27.96,23.25,37.8
270,27.76,23.04,37.44
271,27.71,23.2,37.62
272,27.53,22.35,36.86
273,27.88,22.9,37.4
274,27.89,22.84,37.19
275,28.15,22.83,37.86
276,28.18,23.15,37.83
277,28.54,23.44,38.27
278,28.62,23.71,38.8
279,28.5,23.75,38.62
280,28.11,23.35,38.02
281,27.41,23.16,37.21
282,27.73,23.43,37.56
283,27.6,23.6,37.78
284,27.44,22.92,37.34
285,27.88,23.27,38.13
286,28.21,23.35,38.81
287,28.66,23.75,39.32
288,28.74,23.88,39.41
289,28.5,24.24,39.4
290,28.06,24.2,38.34
291,28.13,24.27,39.11
292,27.91,24.1,38.75
293,27.65,24.3,38.19
294,27.23,23.8,37.56
295,27.47,23.25,37.96
296,27.83,23.74,37.84
297,27.94,23.72,38.07
298,28.31,24.37,38.77
299,28.4,24.27,38.96
300,28.62,24.6,39.02
301,28.92,24.7,39.39
302,28.98,24.94,39.83
303,28.8,24.57,39.61
304,28.83,24.6,39.69
305,29.51,25.1,40.53
306,29.78,25.18,40.94
307,29.58,25.22,40.27
308,29.68,25.12,39.96
309,30.08,25.09,40.75
310,30.27,25.45,41.15
311,30,25.38,40.89
312,29.78,25.6,40.75
313,29.26,25.24,39.68
314,29.19,25.35,40
315,28.24,23.73,38.66
316,27.78,22.75,37.95
317,27.91,23.38,38.38
318,27.94,23.29,38.22
319,27.67,22.79,37.91
320,28.26,23.05,37.82
321,27.68,22.05,36.36
322,27.54,22.73,36.49
323,27.61,22.97,37.19
324,28.28,23.74,38.11
325,27.37,22.54,36.9
326,27.45,22.6,37.23
327,27.38,22.66,37.14
328,26.63,21.62,36.61
329,25.95,20.46,35.53
330,25.6,19.39,35.22
331,26.5,20.18,36.13
332,26.76,21.1,36.29
333,26.87,21,35.96
334,27.36,21.85,36.58
335,27.56,22.67,36.87
336,27.85,23.1,37.56
337,27.58,22.9,37.22
338,26.82,22.08,36.2
339,27.92,23.03,37.34
340,27.5,22.37,37.24
341,27.98,23.19,37.79
342,28.37,23.72,38.65
343,28.15,22.85,38.52
344,28.32,23.59,39
345,28.05,23.06,38.56
346,27.92,23.09,38.3
347,28.39,24.12,38.94
348,28.76,23.8,39.17
349,28.98,24.14,39.55
350,29.17,24.19,39.66
351,29.16,23.66,39.55
352,30.01,24.59,40.9
353,29.84,25.24,41.02
354,30.02,25.27,41.25
355,30.24,25.45,41.47
356,30.25,25.78,41.28
357,30.35,26.21,40.82
358,30.45,26.55,40.85
359,30.75,26.8,41.28
360,30.81,27.04,41.1
361,31.23,27.84,41.65
362,30.97,27.51,41.35
363,30.64,27.38,40.92
364,31.03,27.34,41.19
365,31.66,27.89,41.5
366,31.51,27.45,41.02
367,31.67,28.31,41.77
368,31.85,28.27,42.17
369,31.8,28.5,42.24
370,32.31,28.73,42.47
371,31.81,28.25,42.96
372,31.5,27.58,42.82
373,31.88,27.67,42.72
374,32.55,28.35,43.08
375,31.64,27.08,41.28
376,31.73,27.17,40.84
377,31.86,28.02,41.44
378,31.9,28.11,41.61
379,31.98,28.2,42.12
380,32.62,29.17,42.73
381,33.23,29.57,43.07
382,32.89,29.09,41.81
383,34.16,29.96,42.96
384,33.21,28.63,41.96
385,33.99,28.99,42.72
386,33.73,28.25,42.35
387,34.5,28.92,43.54
388,33.63,28.36,42.35
389,33.08,28.65,42.64
390,32.32,27.46,41.86
391,30.75,26.01,39.81
392,31.54,27.49,40.62
393,31.34,27.5,40.73
394,29.98,26.51,39.58
395,30.41,26.89,40.2
396,29.6,26.09,39.46
397,30.09,26.65,40.44
398,29.29,25.44,39.66
399,29.93,25.81,40.37
400,30.01,25.35,39.57
401,29.5,25.9,39.04
402,30.38,26.9,39.82
403,30.49,26.61,40.15
404,29.99,26.89,40.15
405,29.88,26.76,40.43
406,29.28,26.34,40
407,29.69,26.73,40.68
408,30.02,27.33,41.81
409,30.15,27.01,41.89
410,30.35,27.62,42.2
411,29.48,26.77,41.02
412,29.79,27.15,42.05
413,29.53,26.92,42.04
414,29.36,25.57,41.43
415,29.11,24.45,40.32
416,29.08,24.59,40.93
417,29.25,24.45,41.21
418,29.38,24.48,41.68
419,30.04,25.25,42.79
420,30.57,25.53,43.07
421,30.69,25.56,43.54
422,30.67,25.37,43.41
423,31.01,25.65,43.54
424,30.58,25.35,42.98
425,30.87,25.31,43.67
426,31.01,25.45,44.1
427,30.2,24.62,42.7
428,29.75,24.55,42.17
429,29.56,24.3,41.72
430,29.64,24.65,42.18
431,29.77,25.07,42.05
432,29.27,24.2,41.53
433,29.54,24.67,42.34
434,28.7,23.53,40.78
435,27.88,23.17,39.24
436,27.03,22.24,37.56
437,27,22.62,37.64
438,26.83,21.39,36.8
439,27.12,21.43,36.68
440,28.05,22.48,38.18
441,28.11,23.32,37.87
442,28.05,23.78,38.61
443,28.67,23.39,38.87
444,28.72,22.73,38.76
445,28.75,23.41,38.66
446,29.39,24.96,39.38
447,28.87,24.3,39.47
448,28.23,22.99,37.95
449,28.31,22.8,37.21
450,28.03,22.78,37.75
451,28.51,22.76,38.48
452,28.82,22.91,39.46
453,28.76,23.27,39.18
454,29.3,22.79,40.26
455,29.05,22.86,40.1
456,28.85,23.26,39.94
457,29.04,23.37,41.1
458,29.5,23.05,41.73
459,29.48,22.98,40.9
460,29.64,23.36,41.47
461,30.42,24.21,42.44
462,31,24.48,43.23
463,31,24.75,42.96
464,31.42,24.34,43.79
465,30.48,23.07,42.41
466,30.24,23.35,42.85
467,29.87,22.61,42.14
468,30.48,23.13,43.24
469,29.84,22.34,42.27
470,29.5,21.75,41.45
471,28.72,21.26,40.64
472,29.6,22.29,42.33
473,29.61,22.17,41.76
474,30.11,22.4,42.64
475,29.69,21.81,42.05
476,28.6,21.24,40.41
477,29.16,21.89,41.68
478,27.49,21.44,39.05
479,27.49,21.37,38.93
480,28.17,22.05,39.5
481,28.91,22.05,40.22
482,28.97,22.56,41.11
483,28.97,22.38,40.83
484,28.73,22.31,40.69
485,28.78,22.29,40.76
486,29.15,22.92,41.31
487,29.57,23.23,42
488,29.98,23.79,42.19
489,30.09,24.12,42.78
490,30.1,24.2,42.88
491,30.15,24.21,43.17
492,30.05,23.54,43.4
493,30.38,23.47,43.52
494,29.71,23.03,42.8
495,29.95,22.8,43.52
496,30.24,23.33,44.05
497,31.44,24.42,45.53
498,31.21,23.91,45.42
499,31.62,23.9,46.28
500,31.87,24.71,46.69
501,31.9,24.39,46.56
502,30.98,24.92,45.9
503,30.8,24.46,44.77
504,31.12,24.46,45.56
505,31.1,24.3,45.44
506,30.46,23.99,44.34
507,30.93,24.31,44.67
508,30.83,24.49,43.9
509,31.37,24.96,44.69
510,31.51,25.14,45.44
511,32.22,25.37,46.67
512,31.96,24.39,46.2
513,32.22,25.15,47.28
514,32.4,25.32,47.08
515,32.92,26.05,47.13
516,32.74,25.79,47.7
517,32.73,25.96,47.15
518,33.34,26.41,48.06
519,33.79,26.85,49.5
520,33.86,26.72,49.97
521,34.22,26.28,50.67
522,33.81,26,49.91
523,33.88,26.17,49.37
524,33.6,25.66,48.61
525,32.91,25.8,48.03
526,33.44,25.66,48.87
527,33.15,25.54,47.69
528,33.48,25.8,48.22
529,33.38,25.37,48.43
530,32.87,24.71,47.72
531,32.62,24.6,46.96
532,33.36,25.13,49.04
533,33.13,24.55,48.66
534,33.09,24.23,49.66
535,32.43,23.85,48.3
536,32.69,23.61,48.7
537,32.19,23.18,47.8
538,32.44,23.62,48.19
539,33,23.39,48.54
540,33.48,23.86,49.46
541,33.45,23.78,49.69
542,32.86,23.92,48.5
543,32.28,23.16,48.08
544,32.53,23.26,49.74
545,32.07,23.28,48.77
546,31.93,23.48,48.38
547,31.57,23.07,48.23
548,31.71,23.43,48.72
549,31.62,23,49.43
550,31.71,22.51,49.73
551,31,22.1,47.77
552,30.76,22.08,47.31
553,30.29,21.85,46.15
554,30.41,22,45.41
555,30.13,21.65,44.52
556,30.5,22.1,46.01
557,30.34,21.79,46.04
558,30.51,21.98,46.62
559,29.63,21.5,44.72
560,30.13,22.15,43.9
561,29.93,22.2,42.87
562,30.09,22.02,43.3
563,30.6,22.75,44.57
564,30.33,22.75,43.26
565,29.99,22.99,41.42
566,29.03,22.41,40.96
567,29.33,22.23,41.39
568,29.01,21.29,41.36
569,29.11,21.51,40.86
570,30,21.7,43.09
571,29.82,21.41,41.73
572,29.27,20.72,41.6
573,28.27,20.49,39.25
574,28.37,20.7,39.23
575,28.72,20.9,40.43
576,28.3,20.48,39.73
577,27.82,20.51,39.05
578,27.64,20.42,38.73
579,27.56,20.14,38.76
580,28.02,19.87,40.31
581,28.06,19.72,39.69
582,27.59,19.59,38.82
583,27.44,19.56,38.45
584,27.44,19.28,39.54
585,28.09,19.8,40.87
586,28.97,19.81,42.05
587,28.71,19.84,41.2
588,28.23,19.51,40.64
589,28.29,19.57,41.3
590,28.88,19.87,42.03
591,29.21,20.49,41.64
592,28.85,20.35,41.21
593,27.77,19.77,38.92
594,27.56,19.52,38.5
595,26.59,18.2,37.52
596,26.81,18.12,37.58
597,26.45,18.92,36.86
598,25.17,17.6,34.11
599,25.91,17.98,35.42
600,26.33,17.77,35.99
601,26.88,18.79,37.29
602,25.43,17.19,34.67
603,25.59,17.47,35.46
604,24.78,16.27,34.73
605,25.44,17.27,35.73
606,27.48,18.82,38.58
607,27.6,19.21,38.15
608,27.34,18.96,37.19
609,27.18,19.23,37.12
610,27.13,19.56,37.62
611,26.24,19.13,36.72
612,24.27,16.33,33.1
613,24.81,17.07,34.32
614,24.62,17.28,33.47
615,22.48,16.13,30.43
616,22,16.01,30.17
617,20.8,13.64,28.54
618,19.51,13.55,26.5
619,20.02,12.49,26.69
620,18.39,12.07,24.33
621,17.32,10.94,22.14
622,19.65,13.93,26.06
623,18.86,13.11,25.97
624,17.22,11.46,21.53
625,17.27,12.49,22.65
626,17.54,11.63,22.99
627,18.76,13.24,25.84
628,17.65,12.21,24.29
629,16.02,11.09,21.62
630,16.13,11.14,22.46
631,15.66,9.77,21.54
632,14.26,9.23,19.9
633,15.66,10.93,22.4
634,16.6,10.88,23.39
635,17.72,11.77,25.03
636,17.65,11.52,25.15
637,18.04,12.33,24.39
638,19.54,13.63,26.59
639,18.65,12.76,25.21
640,17.68,11.42,23.44
641,17.68,12.08,24.48
642,17.79,11.36,24.64
643,17.08,10.81,23.56
644,15.54,9.88,21.48
645,16.83,11.05,24.1
646,16,9.89,22.85
647,15.61,9.42,22.21
648,15.5,9.41,23.07
649,14.73,8.45,21.35
650,12.94,7.49,18.47
651,13.67,8.9,21.04
652,14.65,9.41,22.68
653,14.95,10.01,23.18
654,15.22,10.05,24.8
655,15.58,10.19,24.49
656,14.81,9.03,21.72
657,14.5,9.58,22.4
658,14.45,9.76,22.3
659,13.73,9.08,20.6
660,13.91,9.45,20.84
661,14.79,10.37,22.33
662,14.52,9.66,22.44
663,14.79,9.96,23.84
664,14.86,9.88,23.76
665,14.93,9.92,23.53
666,14.97,9.91,23.62
667,15.83,10.87,24.6
668,15.77,10.63,24.42
669,15.29,9.98,22.78
670,15.27,10.24,22.96
671,14.81,10.19,22.01
672,15.08,10.01,21.98
673,15.01,10.29,21.96
674,14.98,10.54,22.49
675,15.48,10.36,23.1
676,15.88,10.81,23.49
677,16.22,11.43,23.85
678,16.67,11.58,25.1
679,17.21,11.39,25.66
680,17.67,11.83,26.25
681,16.91,11.27,24.79
682,17.3,11.38,25.31
683,16.83,10.92,24.3
684,15.94,10.42,23.16
685,16.1,10.17,23.68
686,15.31,9.72,22.46
687,15.51,9.93,22.7
688,15.73,9.99,23
689,14.54,8.93,21.57
690,15.26,9.59,23.02
691,14.74,9.22,22.26
692,15.28,9.01,23.33
693,15.44,9.08,23.71
694,15.66,9.41,23.62
695,16.16,9.84,24.33
696,15.71,9.2,23.62
697,15.49,9.03,23.13
698,15.16,9.08,22.65
699,15.36,9.51,23.03
700,15.45,9.13,23.32
701,15.89,9.45,23.98
702,16.25,10.09,24.49
703,16.39,10.11,24.65
704,15.57,9.13,23.48
705,15.5,9.48,23.35
706,15.51,9.56,23.44
707,15.37,9.67,23.3
708,14.31,8.83,21.87
709,14.15,8.89,21.68
710,14.08,9.01,21.55
711,13.85,9,21.07
712,13.2,8.61,19.95
713,13.68,9.16,20.72
714,13.68,8.84,20.65
715,14.14,8.81,20.83
716,13.88,8.64,20.52
717,12.76,8.01,18.73
718,12.77,8.2,19.03
719,13.29,8.65,19.98
720,12.81,8.1,19.31
721,12.82,8.19,19.4
722,12.58,7.93,19.41
723,13.38,8.73,20.17
724,13.6,8.81,20.3
725,14.24,9.07,20.99
726,14.27,9.34,20.89
727,14.53,9.39,21.16
728,14.85,9.94,21.86
729,15.33,10.13,22.31
730,15.62,10.36,23.24
731,15.13,10.27,22.34
732,16.25,11.12,24.05
733,15.94,10.81,23.47
734,15.93,11.05,23.66
735,16.3,11.43,23.95
736,15.85,11.02,23.15
737,14.99,10.37,22.14
738,15.25,10.81,22.15
739,15.78,11.04,22.73
740,16.2,11.83,23.55
741,16.53,11.98,23.93
742,16.34,11.74,23.35
743,15.86,11.4,22.65
744,16.03,11.3,22.99
745,16.8,11.84,23.8
746,17.05,12.12,23.81
747,16.87,11.92,23.52
748,17.18,12.16,23.7
749,17.32,12.2,23.77
750,17.43,12.13,23.99
751,16.47,11.15,22.73
752,16.75,11.57,23.23
753,16.75,11.29,23.09
754,17.28,11.82,23.7
755,17.72,12.01,24.52
756,17.24,11.62,24
757,17.08,11.41,23.79
758,17.6,12.02,24.54
759,17.53,12.11,24.23
760,18.14,12.23,25.14
761,19.03,13.06,26.51
762,19.03,12.91,26.18
763,19.73,13.22,27.3
764,19.19,13.11,26.8
765,20.14,13.8,28.22
766,19.71,13.17,27.44
767,19.75,13.3,27.45
768,18.61,12.5,26.29
769,19.11,12.72,26.49
770,18.8,12.43,25.91
771,19.68,13.07,26.81
772,19.8,13.36,27.13
773,20.44,13.37,27.61
774,19.93,13.08,26.79
775,20.3,13.23,26.98
776,20.98,13.66,27.67
777,20.72,13.1,27.31
778,21.36,13.24,28.36
779,21.89,13.89,29.05
780,22.29,14.58,30.02
781,22.43,14.87,29.91
782,21.34,14.4,28.4
783,21.88,14.32,29.09
784,21.57,14.27,28.8
785,21.56,14.03,28.78
786,21.87,14.44,29.06
787,21.8,14.77,29.09
788,22.16,15.27,29.83
789,21.82,15.07,29.3
790,20.91,14.28,28.28
791,20.7,14.14,27.68
792,20.23,13.9,26.99
793,20.26,14.14,26.95
794,20.56,14.23,26.77
795,19.35,13.53,25.19
796,19.45,13.5,25.51
797,19.92,13.78,25.81
798,20.48,14.14,26.62
799,20.46,14.28,27.29
800,20.73,14.44,26.59
801,20.3,14.27,26.41
802,20.61,14.34,26.46
803,20.14,13.69,25.51
804,19.73,13.59,24.89
805,19.18,13.12,24.29
806,18.75,13.02,24.13
807,19.12,13.22,24.54
808,18.91,13.19,24.38
809,19.41,13.32,24.89
810,20,13.88,25.37
811,20.92,14.69,26.43
812,21.11,14.82,26.75
813,21.29,14.75,27.03
814,21.82,15.28,27.68
815,21.72,15.19,27.85
816,21.82,15.16,27.65
817,22.57,15.5,28.49
818,22.7,15.45,28.73
819,22.87,15.69,28.73
820,22.46,15.76,28.19
821,22.03,15.5,27.42
822,22.64,16.08,28.01
823,23.08,16.4,28.43
824,23.72,16.91,29.56
825,23.59,16.9,29.36
826,23.63,16.73,29.09
827,23.05,16.85,28.74
828,23,16.94,28.77
829,22.73,16.72,28.67
830,22.07,16.55,28.15
831,22.4,17,28.55
832,22.74,17.59,29.1
833,22.5,17.08,28.51
834,21.65,16.59,27.47
835,21.98,16.94,27.91
836,22.21,17.03,28.33
837,22.39,16.97,28.58
838,22.81,16.96,29.51
839,22.83,17.38,29.61
840,22.95,17.4,29.23
841,22.8,17.21,29.13
842,23.07,17.63,29.2
843,23.03,17.84,29.32
844,22.66,17.74,28.64
845,22.05,17.32,28.01
846,22.07,17.27,28.17
847,22.72,17.66,28.56
848,23.13,18,29.1
849,23.5,18.59,29.85
850,23.33,18.66,29.81
851,23.68,18.94,30.5
852,23.89,18.9,30.86
853,24.04,18.79,31.03
854,24.65,18.79,31.6
855,24.93,19.79,32.37
856,24.83,19.5,32.06
857,24.78,19.52,31.86
858,24.32,19.29,31.53
859,24.92,19.68,32.16
860,24.58,19.64,31.43
861,23.81,19.26,30.67
862,23.56,19.47,30.55
863,23.93,19.83,31.08
864,24.04,19.93,31.17
865,24.36,20.07,31.08
866,23.3,19.25,29.93
867,23.16,18.91,29.77
868,23.71,19.34,30.61
869,24.24,19.83,31.54
870,24.41,20.1,31.77
871,24.93,20.95,32.67
872,24.99,20.84,32.71
873,25.21,20.91,33.09
874,25.16,20.9,33.18
875,25.68,21.62,33.75
876,25.44,21.79,34.2
877,25.38,21.51,34.08
878,25.67,21.84,34.53
879,25.13,21.58,34.12
880,24.95,21.56,34.01
881,25.15,21.88,34.08
882,24.72,21.62,33.34
883,23.99,21.28,32.52
884,23.59,20.99,32.52
885,22.75,19.93,31.19
886,23.53,20.39,32.36
887,22.73,19.4,30.93
888,22.83,19.75,31.21
889,23.34,19.6,31.89
890,23.52,19.78,31.95
891,23.8,20,32.47
892,23.78,20.4,32.44
893,24.8,21.43,33.45
894,24.78,21.5,33.43
895,24.89,21.6,33.43
896,24.46,21.12,32.63
897,24.75,21.58,32.91
898,24.99,21.97,33.77
899,25.26,21.6,33.76
900,25.2,21.49,33.57
901,24.8,20.99,32.86
902,24.65,20.77,32.5
903,25.13,21.26,33.02
904,24.9,20.88,33.07
905,25.36,21.46,33.6
906,24.57,20.29,33.19
907,24.79,20.8,32.71
908,25.61,21.37,33.32
909,25.62,21.35,33.33
910,25.13,21.09,32.27
911,24.79,20.99,32.26
912,24.86,20.6,32.11
913,24.28,20.14,31.32
914,24.55,20.28,31.62
915,24.76,20.54,32.03
916,24.49,20.43,31.96
917,24.89,20.64,32.54
918,24.77,20.3,32.59
919,25.02,20.21,32.96
920,24.47,19.86,32.37
921,24.58,20,32.53
922,24.73,19.74,32.92
923,25.06,19.86,33.12
924,25.39,20.16,33.6
925,25.5,20.61,33.74
926,25.62,20.66,33.76
927,25.57,20.89,33.55
928,25.31,20.88,33.39
929,25.45,20.92,33.2
930,26.04,21.8,34.34
931,26.19,21.87,34.7
932,26.4,21.96,35.16
933,26.31,21.85,34.97
934,26.45,22.13,35.29
935,26.37,22.37,35.21
936,25.89,21.57,34.39
937,26.16,21.93,34.83
938,26.24,22.23,34.75
939,25.84,21.72,34.28
940,25.87,22.07,34.78
941,25.26,21.36,33.84
942,24.72,20.58,32.98
943,24.2,20.12,32.24
944,24.27,20.46,32.5
945,24.19,20.06,32.09
946,24.07,19.96,31.96
947,23.81,19.76,31.61
948,23.56,19.18,30.9
949,24.02,19.69,32.18
950,24.32,19.84,32.51
951,24.21,19.57,32.11
952,23.45,18.55,30.69
953,23.63,18.67,30.97
954,23.37,18.54,30.48
955,23.85,19.14,31.29
956,24.04,19.01,31.12
957,24.61,19.74,31.85
958,24.62,19.36,31.81
959,25.2,20.22,32.76
960,25.23,20.46,32.61
961,25.54,20.63,32.98
962,25.56,20.46,33.06
963,25.4,20.76,32.47
964,24.74,20.3,31.77
965,24.84,20.42,31.96
966,24.95,19.9,32.05
967,25.03,20.22,32.3
968,25.56,20.85,32.73
969,25.95,20.97,33.12
970,26.15,21.23,33.28
971,26.07,21.1,32.92
972,26.48,21.69,33.68
973,26.54,21.56,33.52
974,26.48,21.8,33.52
975,26.53,21.88,33.69
976,26.63,21.81,33.69
977,26.81,21.8,33.79
978,26.77,21.55,33.25
979,27.17,21.97,33.84
980,27.31,22.24,34.18
981,27.04,22.06,33.58
982,26.85,21.83,33.1
983,26.79,21.99,33.09
984,27.04,22.33,33.31
985,26.59,21.84,32.9
986,26.64,21.9,32.28
987,26.6,21.91,32.31
988,26.94,22.3,33.04
989,27.03,22.34,33.13
990,27.03,22.09,33.34
991,27.54,22.55,34.14
992,27.75,22.7,34.84
993,27.73,22.86,34.82
994,27.49,22.68,34.58
995,27.58,22.67,34.81
996,27.74,22.87,35.09
997,27.69,22.79,35.08
998,27.6,22.74,34.92
999,27.9,23.2,35.32
1000,27.86,23.15,35.27
1001,27.19,22.56,34.51
1002,27.23,22.4,34.44
1003,27.76,22.75,35.2
1004,27.69,22.63,35.13
1005,27.77,22.46,35.26
1006,27.89,22.37,36.07
1007,27.97,22.32,35.99
1008,27.16,21.43,34.9
1009,27.23,21.83,35.33
1010,27.74,22.04,35.54
1011,27.35,21.52,35.15
1012,27.58,21.81,35.41
1013,26.75,20.57,34.44
1014,26.26,20.38,33.73
1015,25.51,18.89,32.55
1016,25.48,18.92,32.07
1017,26.63,20.51,33.63
1018,26.79,20,33.64
1019,27.28,20.16,34.19
1020,26.98,20.03,33.82
1021,26.48,19.29,33.19
1022,26.16,19.08,32.75
1023,25.93,18.52,32.45
1024,25.61,17.81,31.91
1025,24.32,16.55,30.4
1026,24.8,17.37,31.01
1027,24.5,17.33,30.36
1028,24.55,17.18,30.62
1029,24.59,17.02,30.57
1030,25.51,18.32,32.01
1031,25.29,18.19,31.49
1032,24.98,17.56,30.21
1033,25.84,18.14,31.68
1034,25.79,18.2,31.87
1035,24.82,17.16,30.65
1036,24.6,16.73,30.37
1037,25.03,17.51,30.93
1038,24.91,17.56,30.66
1039,25.71,18.6,32.13
1040,25.71,18.71,32.37
1041,25.78,18.86,32.2
1042,26.5,19.31,33.13
1043,26.55,19.17,33.14
1044,26.55,19.12,33.13
1045,26.74,19.31,33.43
1046,26.63,19.54,33.21
1047,26.2,19.14,32.27
1048,25.77,19.03,32.13
1049,25.32,18.61,31.4
1050,25.55,18.73,31.78
1051,25.37,18.45,31.31
1052,24.15,17.49,30.13
1053,23.99,17.27,29.91
1054,23.73,17.28,29.66
1055,23.73,17.27,29.55
1056,23.94,17.57,29.77
1057,24.56,18.17,30.87
1058,24.77,18.64,31.2
1059,25.33,18.79,31.53
1060,25.26,18.65,31.36
1061,25.56,18.91,31.83
1062,25.43,19.02,31.66
1063,25.59,19,31.65
1064,24.8,18.33,30.66
1065,24.7,18.39,30.84
1066,25.18,19.08,31.59
1067,24.77,18.61,31.18
1068,25.35,19.25,31.96
1069,25.51,19.6,32.11
1070,25.7,19.9,32.4
1071,25.56,19.82,32.02
1072,25.46,19.67,31.87
1073,25.64,19.85,31.91
1074,25.78,19.84,31.97
1075,26.26,20.55,32.99
1076,26.11,20.31,32.91
1077,26.35,20.54,33.19
1078,26.21,20.37,33.22
1079,26,20.36,32.95
1080,26.1,20.57,33.05
1081,25.95,20.18,32.83
1082,25.02,19.18,31.67
1083,24.92,19.13,31.62
1084,24.89,19.29,31.44
1085,24.85,19.52,31.52
1086,25.58,19.9,32.16
1087,25.8,19.75,32.03
1088,25.43,19.33,31.48
1089,25.21,19.39,31.13
1090,25.06,19.19,31
1091,24.55,18.7,30.44
1092,24.69,18.65,30.45
1093,24.76,18.74,30.34
1094,25.44,19.46,31.22
1095,25.33,19.31,30.84
1096,25.22,19.35,30.77
1097,25.76,20.52,31.79
1098,25.98,20.54,32.13
1099,26.35,20.71,32.48
1100,26.13,20.51,32.05
1101,26.24,20.72,32.25
1102,26.31,21.04,32.22
1103,26.36,20.99,32.54
1104,26.73,21.52,32.87
1105,26.81,21.71,32.86
1106,26.72,21.7,32.77
1107,26.79,21.49,32.72
1108,26.66,21.41,32.58
1109,26.9,21.93,33.06
1110,26.83,21.83,33.02
1111,26.61,21.85,32.88
1112,26.42,21.62,32.61
1113,26.92,22.24,33.33
1114,26.78,22.27,33.18
1115,26.93,22.67,33.52
1116,27.01,22.42,33.81
1117,27.15,22.03,33.81
1118,27.45,22.28,34.29
1119,27.27,22.07,33.8
1120,27.84,22.61,34.72
1121,28.02,22.82,35.03
1122,27.67,22.76,34.68
1123,28.03,23.15,35.22
1124,28.12,23.02,35.28
1125,28.13,22.8,35.25
1126,28.52,22.97,35.82
1127,28.39,23.18,35.68
1128,28.2,23.13,35.63
1129,28.13,23.05,35.8
1130,27.53,22.2,34.69
1131,27.93,22.76,35.13
1132,27.76,22.49,34.92
1133,27.71,22.63,35.14
1134,28,23.17,35.38
1135,27.93,22.95,35.4
1136,27.59,22.5,35.14
1137,27.72,22.75,35.21
1138,28.04,22.76,35.37
1139,28.15,22.93,35.51
1140,28.34,23.47,35.95
1141,28.4,23.68,35.95
1142,29.05,24.53,37.29
1143,29.13,24.56,37.45
1144,29.27,24.31,37.76
1145,28.97,23.75,37.47
1146,29.18,23.86,38.01
1147,29.08,23.57,38.36
1148,28.51,23.08,37.65
1149,28.49,23.1,37.41
1150,27.77,22.61,36.54
1151,27.84,22.61,36.68
1152,28.36,23.11,37.48
1153,28.67,22.91,37.86
1154,28.67,22.88,37.84
1155,28.17,22,37.12
1156,28.74,22.61,37.77
1157,28.5,21.94,37.26
1158,28.56,22.21,37.47
1159,28.45,21.81,37.4
1160,29.16,22.46,38.5
1161,29.56,23.03,39.2
1162,29.62,23.34,39.56
1163,29.68,23.19,39.84
1164,29.53,23.23,39.59
1165,29.33,23.07,39.2
1166,29.39,23.3,39.37
1167,29.62,23.49,39.58
1168,29.77,23.79,39.96
1169,29.75,23.91,39.83
1170,29.69,23.43,39.47
1171,29.58,23.7,39.59
1172,29.5,23.58,39.62
1173,29.35,23.58,39.93
1174,29.66,23.85,40.33
1175,29.78,24,40.46
1176,29.94,24.11,40.55
1177,29.9,24.08,40.35
1178,30.11,24.15,40.65
1179,30.39,24.34,41.03
1180,30.37,24.33,41.07
1181,30.44,24.35,41.16
1182,30.69,24.5,41.39
1183,30.36,23.84,40.95
1184,30.42,23.67,40.99
1185,30.27,23.42,40.45
1186,30.29,23.33,40.61
1187,30.17,23.36,40.56
1188,30.62,23.32,41.29
1189,30.88,23.62,41.72
1190,30.68,23.79,41.42
1191,30.76,23.8,41.62
1192,30.93,24.01,41.99
1193,30.57,23.99,41.42
1194,30.29,23.57,41.03
1195,30.36,23.55,41.05
1196,30.44,23.94,41.23
1197,30.16,23.82,40.96
1198,30.68,24.01,42.1
1199,30.63,23.94,41.72
1200,30.45,23.48,41.72
1201,30.73,23.78,42.73
1202,31.36,24.28,43.42
1203,31.41,24.2,43.39
1204,31.65,24.54,43.56
1205,31.65,24.77,43.3
1206,31.63,24.86,43.47
1207,31.67,25.01,43.51
1208,31.45,24.88,42.89
1209,31.56,24.77,43.21
1210,31.66,24.7,43.2
1211,31.92,24.94,44.11
1212,31.91,24.68,43.89
1213,32.39,24.93,44.51
1214,32.55,25.22,44.99
1215,32.55,25.18,45.03
1216,32.04,24.23,44.39
1217,32.09,24.33,45.15
1218,32.05,24.44,44.45
1219,32.62,24.94,45.31
1220,33.11,25.02,45.77
1221,32.91,24.44,45.15
1222,33.07,24.75,45.4
1223,33.33,25.02,45.87
1224,33.42,24.86,45.79
1225,32.97,24.45,45.33
1226,32.84,24.64,44.9
1227,32.66,24.47,44.52
1228,31.79,23.59,42.89
1229,32.03,23.88,43.61
1230,31.89,23.62,43.7
1231,31.36,22.91,43.36
1232,31.07,22.36,42.65
1233,31.75,22.65,43.94
1234,31.92,23.31,43.94
1235,32.62,23.86,45.18
1236,32.59,23.86,45.14
1237,32.69,24.06,45.33
1238,32.75,24.57,45.42
1239,32.57,24.68,45.7
1240,32.32,24.66,45.46
1241,32.51,25.07,45.98
1242,32.98,25.45,46.42
1243,33.05,25.53,46.38
1244,33.37,25.84,46.46
1245,33.44,25.81,46.57
1246,33.64,25.78,46.94
1247,33.65,26.21,46.48
1248,33.41,26.19,46.47
1249,33.73,26.47,46.77
1250,33.2,26.53,45.72
1251,32.56,26,44.39
1252,32.61,26.21,44.43
1253,32.63,26.27,44.71
1254,32.55,26.14,45
1255,32.2,25.78,44.29
1256,32.55,25.82,44.84
1257,33.02,26.62,45.73
1258,33.28,26.95,46.06
1259,33.06,26.98,45.67
1260,33.16,27.13,45.91
1261,33.17,27.19,46.02
1262,33.15,27.26,45.96
1263,33.14,27.18,46.66
1264,33.25,26.84,46.01
1265,32.59,26.41,44.8
1266,32.2,25.73,44.02
1267,31.48,25.32,42.96
1268,31.72,25.79,43.19
1269,32.09,26.1,43.97
1270,32.23,26.24,44.15
1271,31.58,25.7,42.77
1272,31.48,25.54,42.69
1273,31.21,25.12,42.39
1274,31.2,25.11,42.13
1275,31.35,25.32,42.15
1276,31.84,25.56,42.95
1277,31.91,25.79,43
1278,31.78,25.53,42.99
1279,31.2,24.68,42.27
1280,31.53,24.86,42.9
1281,31.86,24.77,43.6
1282,31.99,25.21,43.86
1283,32.02,25.45,44.09
1284,32.34,25.63,44.46
1285,31.41,25.01,43.28
1286,31.38,24.98,43.24
1287,31.29,24.8,43.21
1288,30.76,24.69,42.24
1289,30.8,24.89,42.24
1290,30.52,24.42,42.15
1291,30.83,24.76,42.71
1292,30.28,24.24,41.85
1293,30.15,24.31,41.19
1294,30.71,24.97,42.08
1295,30.07,24.25,41.22
1296,29.74,24.02,41.01
1297,29.68,24.32,40.94
1298,29.77,24.14,40.95
1299,30.49,24.59,41.98
1300,30.43,24.39,41.91
1301,30.08,24.25,41.59
1302,29.65,23.99,40.84
1303,29.8,23.95,40.96
1304,30.32,24.44,42.08
1305,30.9,24.83,42.72
1306,31.32,25.4,43.31
1307,31.55,25.59,43.68
1308,31.64,25.16,44.12
1309,31.49,24.99,44.04
1310,31.68,25.43,44.63
1311,31.59,25.3,44.28
1312,30.92,24.57,43.19
1313,31.05,24.21,43.2
1314,31.48,24.68,43.69
1315,31.24,24.35,43.38
1316,31.61,24.2,44.55
1317,31.25,23.95,44.35
1318,31.75,24.54,45.02
1319,31.89,24.83,45.07
1320,32.24,25.25,45.73
1321,32.26,25.43,46.01
1322,32.22,25.09,45.85
1323,31.94,25.33,45.64
1324,31.05,25.03,44.56
1325,31.01,24.81,44.3
1326,30.59,24.56,43.79
1327,30.65,24.59,43.77
1328,29.89,23.83,42.67
1329,30.04,23.56,42.53
1330,28.58,21.85,39.47
1331,28.08,21.63,39.02
1332,26.53,19.84,35.99
1333,28.03,21.84,37.96
1334,27.58,20.78,36.98
1335,28.72,22.06,38.65
1336,28.67,22.19,38.89
1337,29.34,23.16,40.13
1338,28.91,22.67,39.37
1339,29.09,23.08,39.58
1340,27.88,21.96,37.33
1341,27.45,21.68,36.74
1342,27.55,21.71,36.64
1343,28.27,22.74,37.95
1344,28.41,22.63,38.07
1345,28.17,22.25,37.4
1346,28.35,22.82,38.22
1347,28.94,23.49,39.27
1348,29.2,23.47,39.6
1349,29.54,23.69,39.84
1350,29.5,23.44,39.55
1351,28.97,22.83,38.68
1352,28.62,22.29,38.33
1353,29.19,23.18,39.62
1354,28.99,22.67,39.29
1355,28.09,21.93,37.97
1356,27.64,21.59,37.79
1357,27.91,21.64,38
1358,27.97,21.44,38.37
1359,28.54,21.83,39.01
1360,28.33,22.01,38.94
1361,27.75,21.37,38.27
1362,27.73,21.24,38.04
1363,26.73,20.44,36.46
1364,25.29,19.28,34.21
1365,25.08,19.42,33.62
1366,25.68,19.95,34.77
1367,26.17,20.59,35.28
1368,25.41,20.02,33.85
1369,25.57,20.1,34.11
1370,25.14,19.41,33.22
1371,24.21,18.75,31.94
1372,24.01,19.19,32.71
1373,25.07,19.76,34.05
1374,25.84,20.65,34.92
1375,25.4,20.78,34.29
1376,26.43,21.77,35.89
1377,26.24,21.72,35.88
1378,26.85,22.12,36.25
1379,26.48,22.2,36.11
1380,27.16,22.67,37.52
1381,26.46,22.03,36.69
1382,26.9,22.37,37.76
1383,26.32,21.95,37.02
1384,26.39,21.89,37.19
1385,26.88,22.37,37.95
1386,27.49,23.11,38.77
1387,27,22.47,38.03
1388,27.51,22.8,38.81
1389,28.6,24.51,40.57
1390,28.64,24.22,41
1391,27.89,23.09,39.23
1392,26.97,22.21,38
1393,27.33,22.49,39.12
1394,28.04,22.97,40.18
1395,27.7,22.86,40.15
1396,27.89,23.02,40.48
1397,28.06,23.32,40.95
1398,26.94,22.11,39.1
1399,26.96,22.48,39.57
1400,27.53,23.15,40.44
1401,27.23,22.59,39.95
1402,27.07,22.64,39.96
1403,26.93,22.13,39.43
1404,26.21,21.65,38.29
1405,26.25,21.61,38.09
1406,25.64,20.92,37.34
1407,25.66,20.93,37.12
1408,24.91,20.17,35.86
1409,24.61,20.05,35.58
1410,25.39,20.98,36.9
1411,25.79,21.24,37.43
1412,27.11,22.61,39.69
1413,27.05,22.39,39.48
1414,26.84,22.66,39.33
1415,27.06,23.04,39.71
1416,27.07,22.75,39.8
1417,27.23,22.88,39.52
1418,26.4,22.11,38.22
1419,26.76,22.5,39.11
1420,26.2,21.79,38.04
1421,25.68,21.52,37.43
1422,25.08,21.22,36.28
1423,25.09,21.24,36.12
1424,25.41,21.24,36.63
1425,25.05,20.71,35.78
1426,25.62,21.46,37.2
1427,25.86,21.47,37.56
1428,26.28,21.67,37.98
1429,26.4,21.79,38.24
1430,26.31,21.75,38.17
1431,25.9,21.11,37.32
1432,26.19,21.45,37.77
1433,26.6,21.44,37.92
1434,27.4,22.08,39.14
1435,27.35,22.34,39.31
1436,27.18,22.05,39.08
1437,26.9,21.76,38.86
1438,26.98,21.83,38.99
1439,27.33,22.25,39.5
1440,27.2,22.38,39.11
1441,27.34,22.48,38.95
1442,27.13,22.3,38.59
1443,27.29,22.48,38.76
1444,27.63,22.88,39.44
1445,27.79,22.84,39.51
1446,27.75,22.94,39.42
1447,28.24,23.02,39.89
1448,27.86,22.84,39.69
1449,28.35,23.43,40.52
1450,28.19,23.5,40.13
1451,28.26,23.6,40.26
1452,28.07,23.37,39.99
1453,28.11,23.42,39.84
1454,28.36,23.66,40.06
1455,28.46,23.67,40.35
1456,28.78,24.02,40.91
1457,28.61,23.87,41.19
1458,28.5,23.86,41.29
1459,28.51,23.9,41.15
1460,28.44,23.88,41.18
1461,28,23.27,40.68
1462,28.14,23.65,40.88
1463,28.03,23.33,40.86
1464,28.09,23.26,40.86
1465,28.48,23.37,41.55
1466,28.38,23.19,41.57
1467,28.75,23.52,41.97
1468,28.87,23.48,42.09
1469,29,23.72,42.44
1470,28.9,23.76,42.46
1471,28.85,23.8,42.27
1472,29.1,23.81,42.31
1473,29.02,23.75,41.7
1474,29.32,23.9,42.19
1475,29.05,23.72,41.61
1476,28.63,23.51,41.09
1477,27.91,22.74,40.25
1478,27.99,22.87,40.58
1479,28.48,23.2,41.02
1480,28.59,23.15,41.09
1481,28.34,22.96,40.6
1482,28.79,23.45,41.1
1483,28.32,23.18,40.46
1484,28.53,23.48,40.62
1485,28.72,23.62,41.09
1486,28.76,23.73,41.32
1487,28.53,23.22,40.68
1488,28.55,23.11,40.35
1489,28.11,22.88,39.4
1490,28.37,23.2,39.9
1491,28.87,23.56,40.21
1492,28.63,23.35,39.79
1493,28.36,23.38,39.17
1494,28.3,23.39,39.1
1495,28.34,23.51,39.42
1496,28.8,23.63,39.88
1497,28.37,23.26,39.48
1498,27.87,22.98,38.75
1499,27.71,23.12,38.46
